feature,mean_abs_shap
CYP2D6_22:42120201:A>C,3.132408
CYP2D6_22:42116609:A>G,0.97699815
CYP2D6_22:42123236:T>C,0.6076871
CYP2D6_22:42119841:TGA>T,0.5290547
CYP2D6_22:42119338:T>A,0.52011585
CYP2D6_22:42120225:A>G,0.43009084
CYP2C19_10:94754857:A>G,0.19305071
SLCO1B1_12:21295335:CACAAAG>C,0.16572204
SLCO1B1_12:21283919:G>T,0.14346127
SLCO1B1_12:21375021:A>T,0.1407957
NUDT15_13:48039628:T>C,0.11466661
CYP3A5_7:99283759:C>T,0.111618534
CYP2D6_22:42120362:C>T,0.10381087
SLCO1B1_12:21317363:A>G,0.09603417
SLCO1B1_12:21350618:T>C,0.09151218
SLCO1B1_12:21335070:C>T,0.091078125
CYP2C19_10:94827531:C>T,0.08998482
CYP2C19_10:94849317:T>TTTTA,0.087753445
CYP2C19_10:94766201:CAACAGTCATTTGCCAGGGAAGG>C,0.08554658
CYP2C19_10:94792552:G>T,0.08095875
