variant_id,gene,chrom,pos,ref,alt,maf,HG00403,HG00404,HG00406,HG00407,HG00409,HG00410,HG00419,HG00421,HG00422,HG00428,HG00436,HG00437,HG00442,HG00443,HG00445,HG00446,HG00448,HG00449,HG00451,HG00452,HG00457,HG00458,HG00463,HG00464,HG00472,HG00473,HG00475,HG00476,HG00478,HG00479,HG00500,HG00513,HG00524,HG00525,HG00530,HG00531,HG00533,HG00534,HG00536,HG00537,HG00542,HG00543,HG00556,HG00557,HG00559,HG00560,HG00565,HG00566,HG00580,HG00581,HG00583,HG00584,HG00589,HG00590,HG00592,HG00593,HG00595,HG00596,HG00598,HG00599,HG00607,HG00608,HG00610,HG00611,HG00613,HG00614,HG00619,HG00620,HG00622,HG00623,HG00625,HG00626,HG00628,HG00629,HG00631,HG00632,HG00634,HG00650,HG00651,HG00653,HG00654,HG00656,HG00657,HG00662,HG00663,HG00671,HG00672,HG00674,HG00675,HG00683,HG00684,HG00689,HG00690,HG00692,HG00693,HG00698,HG00699,HG00701,HG00704,HG00705,HG00707,HG00708,HG00717,HG00728,HG00729,HG03006,HG03007,HG03009,HG03012,HG03585,HG03589,HG03593,HG03594,HG03595,HG03598,HG03600,HG03603,HG03604,HG03607,HG03611,HG03615,HG03616,HG03713,HG03714,HG03716,HG03717,HG03718,HG03720,HG03722,HG03727,HG03729,HG03730,HG03731,HG03742,HG03770,HG03771,HG03772,HG03773,HG03774,HG03775,HG03777,HG03778,HG03779,HG03780,HG03781,HG03782,HG03784,HG03785,HG03786,HG03787,HG03788,HG03789,HG03790,HG03792,HG03793,HG03796,HG03800,HG03802,HG03803,HG03805,HG03808,HG03809,HG03812,HG03814,HG03815,HG03817,HG03821,HG03823,HG03824,HG03826,HG03829,HG03830,HG03832,HG03833,HG03861,HG03862,HG03863,HG03864,HG03866,HG03867,HG03868,HG03869,HG03870,HG03871,HG03872,HG03873,HG03874,HG03875,HG03882,HG03902,HG03905,HG03907,HG03908,HG03910,HG03911,HG03913,HG03914,HG03916,HG03917,HG03919,HG03920,HG03922,HG03925,HG03926,HG03928,HG03931,HG03934,HG03937,HG03940,HG03941,HG03960,HG03963,HG03965,HG03967,HG03968,HG03969,HG03971,HG03973,HG03974,HG03976,HG03977,HG03978,HG04001,HG04002,HG04014,HG04015,HG04017,HG04018,HG04019,HG04020,HG04022,HG04023,HG04025,HG04026,HG04054,HG04056,HG04059,HG04060,HG04061,HG04062,HG04063,HG04070,HG04076,HG04080,HG04090,HG04093,HG04094,HG04096,HG04098,HG04118,HG04131,HG04134,HG04140,HG04141,HG04144,HG04146,HG04152,HG04153,HG04155,HG04156,HG04158,HG04159,HG04161,HG04162,HG04164,HG04171,HG04173,HG04176,HG04177,HG04180,HG04182,HG04183,HG04185,HG04186,HG04188,HG04189,HG04194,HG04195,HG04198,HG04200,HG04202,HG04206,HG04209,HG04211,HG04212,HG04214,HG04216,HG04219,HG04222,HG04225,HG04235,HG04238,HG04239,NA18525,NA18526,NA18527,NA18528,NA18530,NA18531,NA18532,NA18533,NA18534,NA18535,NA18536,NA18537,NA18538,NA18539,NA18541,NA18542,NA18543,NA18544,NA18545,NA18546,NA18547,NA18548,NA18549,NA18550,NA18552,NA18553,NA18555,NA18557,NA18558,NA18559,NA18560,NA18561,NA18562,NA18563,NA18564,NA18565,NA18566,NA18567,NA18570,NA18571,NA18572,NA18573,NA18574,NA18576,NA18577,NA18579,NA18582,NA18591,NA18592,NA18593,NA18595,NA18596,NA18597,NA18599,NA18602,NA18603,NA18605,NA18606,NA18608,NA18609,NA18610,NA18611,NA18612,NA18613,NA18614,NA18615,NA18616,NA18617,NA18618,NA18619,NA18620,NA18621,NA18622,NA18623,NA18624,NA18625,NA18626,NA18627,NA18628,NA18629,NA18630,NA18631,NA18632,NA18633,NA18634,NA18635,NA18636,NA18637,NA18638,NA18639,NA18640,NA18641,NA18642,NA18643,NA18644,NA18645,NA18646,NA18647,NA18648,NA18740,NA18745,NA18747,NA18748,NA18749,NA18757,NA18791,NA18939,NA18940,NA18941,NA18942,NA18943,NA18944,NA18945,NA18946,NA18947,NA18948,NA18949,NA18950,NA18951,NA18952,NA18953,NA18954,NA18955,NA18956,NA18957,NA18959,NA18960,NA18961,NA18962,NA18963,NA18964,NA18965,NA18966,NA18967,NA18968,NA18969,NA18970,NA18971,NA18972,NA18973,NA18974,NA18975,NA18976,NA18977,NA18978,NA18979,NA18980,NA18981,NA18982,NA18983,NA18984,NA18985,NA18986,NA18987,NA18988,NA18989,NA18990,NA18991,NA18992,NA18993,NA18994,NA18995,NA18997,NA18998,NA18999,NA19000,NA19001,NA19002,NA19003,NA19004,NA19005,NA19006,NA19007,NA19009,NA19010,NA19011,NA19012,NA19054,NA19055,NA19056,NA19057,NA19058,NA19059,NA19060,NA19062,NA19063,NA19064,NA19065,NA19066,NA19067,NA19068,NA19070,NA19072,NA19074,NA19075,NA19076,NA19077,NA19078,NA19079,NA19080,NA19081,NA19082,NA19083,NA19084,NA19085,NA19086,NA19087,NA19088,NA19089,NA19090,NA19091,NA20845,NA20846,NA20847,NA20849,NA20850,NA20851,NA20852,NA20853,NA20854,NA20856,NA20858,NA20859,NA20861,NA20862,NA20863,NA20864,NA20866,NA20867,NA20868,NA20869,NA20870,NA20872,NA20873,NA20874,NA20875,NA20876,NA20877,NA20878,NA20881,NA20882,NA20883,NA20884,NA20885,NA20886,NA20887,NA20888,NA20889,NA20890,NA20891,NA20892,NA20894,NA20895,NA20896,NA20897,NA20899,NA20900,NA20901,NA20902,NA20903,NA20904,NA20905,NA20906,NA20908,NA20910,NA20911,NA21086,NA21087,NA21088,NA21089,NA21090,NA21091,NA21092,NA21093,NA21094,NA21095,NA21097,NA21098,NA21099,NA21100,NA21101,NA21102,NA21103,NA21104,NA21105,NA21106,NA21107,NA21108,NA21109,NA21110,NA21111,NA21112,NA21113,NA21114,NA21115,NA21116,NA21117,NA21118,NA21119,NA21120,NA21121,NA21122,NA21123,NA21124,NA21125,NA21126,NA21127,NA21128,NA21129,NA21130,NA21133,NA21135,NA21137,NA21141,NA21142,NA21143,NA21144
22:42116609:A>G,CYP2D6,22,42116609,A,G,0.2614754098360656,0,0,1,1,0,1,0,1,1,0,1,0,0,1,0,2,0,1,0,0,1,0,0,0,0,0,1,1,0,0,0,0,1,0,0,0,0,0,0,0,0,0,0,1,0,0,0,1,0,0,0,0,1,0,0,1,0,0,0,0,0,0,0,0,2,0,0,0,0,0,0,0,2,0,0,0,1,0,1,0,0,0,0,0,0,0,0,1,0,1,0,1,0,0,0,0,0,0,0,0,0,0,1,0,0,0,1,1,1,2,0,1,0,0,0,1,0,0,0,0,0,0,0,1,0,1,0,1,0,0,0,2,0,0,1,0,1,1,1,0,2,0,0,0,1,0,1,0,2,0,0,1,0,1,1,0,1,0,1,0,0,1,0,1,0,1,2,0,1,1,1,0,0,0,2,1,0,1,1,0,2,1,2,2,2,1,1,1,0,0,0,1,0,0,0,0,1,0,0,0,1,1,1,1,2,0,1,0,1,0,1,2,1,1,2,0,1,2,1,1,1,1,1,1,1,1,1,0,1,0,0,1,0,1,1,1,0,0,1,0,1,0,2,1,0,1,2,2,1,0,0,0,0,1,1,1,1,0,0,0,1,1,0,1,2,2,0,0,0,1,2,0,0,0,0,0,1,0,0,1,1,1,1,0,1,1,0,2,1,1,1,0,0,1,0,1,0,0,0,0,0,1,0,0,0,0,1,0,0,0,1,0,1,0,0,0,0,1,1,0,0,0,0,1,0,0,0,1,0,1,1,0,0,1,1,1,0,0,0,2,0,1,0,0,0,1,0,0,0,0,0,0,0,0,1,0,0,1,0,1,0,1,0,0,0,1,1,1,0,1,1,0,1,1,1,0,0,0,1,0,1,0,0,0,0,0,1,0,1,0,0,1,0,0,0,0,0,0,0,1,0,0,2,0,0,0,0,0,0,0,0,0,2,0,0,0,0,0,1,0,0,1,0,0,0,1,0,0,1,0,0,0,1,1,1,0,1,1,1,1,0,1,0,1,0,1,0,0,1,0,0,1,0,0,0,0,1,1,1,1,0,0,1,0,0,0,0,0,0,0,0,2,0,1,0,0,0,0,0,0,0,1,0,0,0,0,1,0,0,1,0,0,1,0,0,1,0,1,1,1,0,0,0,1,1,2,2,1,1,2,0,1,2,1,1,0,1,1,0,0,1,1,2,2,0,1,2,2,1,2,0,1,0,1,0,1,2,2,0,0,2,1,0,0,1,1,1,1,0,0,0,1,1,0,0,2,0,0,1,2,1,1,0,1,1,1,2,0,0,0,2,1,0,1,0,0,1,1,1,0,0,2,1,1,2,0,2,1,0,1,1,1,0,1,0,1,0,1,1,1,0,1,2,2,1,1,2,1,1,1
22:42117257:C>T,CYP2D6,22,42117257,C,T,0.2614754098360656,0,0,1,1,0,1,0,1,1,0,1,0,0,1,0,2,0,1,0,0,1,0,0,0,0,0,1,1,0,0,0,0,1,0,0,0,0,0,0,0,0,0,0,1,0,0,0,1,0,0,0,0,1,0,0,1,0,0,0,0,0,0,0,0,2,0,0,0,0,0,0,0,2,0,0,0,1,0,1,0,0,0,0,0,0,0,0,1,0,1,0,1,0,0,0,0,0,0,0,0,0,0,1,0,0,0,1,1,1,2,0,1,0,0,0,1,0,0,0,0,0,0,0,1,0,1,0,1,0,0,0,2,0,0,1,0,1,1,1,0,2,0,0,0,1,0,1,0,2,0,0,1,0,1,1,0,1,0,1,0,0,1,0,1,0,1,2,0,1,1,1,0,0,0,2,1,0,1,1,0,2,1,2,2,2,1,1,1,0,0,0,1,0,0,0,0,1,0,0,0,1,1,1,1,2,0,1,0,1,0,1,2,1,1,2,0,1,2,1,1,1,1,1,1,1,1,1,0,1,0,0,1,0,1,1,1,0,0,1,0,1,0,2,1,0,1,2,2,1,0,0,0,0,1,1,1,1,0,0,0,1,1,0,1,2,2,0,0,0,1,2,0,0,0,0,0,1,0,0,1,1,1,1,0,1,1,0,2,1,1,1,0,0,1,0,1,0,0,0,0,0,1,0,0,0,0,1,0,0,0,1,0,1,0,0,0,0,1,1,0,0,0,0,1,0,0,0,1,0,1,1,0,0,1,1,1,0,0,0,2,0,1,0,0,0,1,0,0,0,0,0,0,0,0,1,0,0,1,0,1,0,1,0,0,0,1,1,1,0,1,1,0,1,1,1,0,0,0,1,0,1,0,0,0,0,0,1,0,1,0,0,1,0,0,0,0,0,0,0,1,0,0,2,0,0,0,0,0,0,0,0,0,2,0,0,0,0,0,1,0,0,1,0,0,0,1,0,0,1,0,0,0,1,1,1,0,1,1,1,1,0,1,0,1,0,1,0,0,1,0,0,1,0,0,0,0,1,1,1,1,0,0,1,0,0,0,0,0,0,0,0,2,0,1,0,0,0,0,0,0,0,1,0,0,0,0,1,0,0,1,0,0,1,0,0,1,0,1,1,1,0,0,0,1,1,2,2,1,1,2,0,1,2,1,1,0,1,1,0,0,1,1,2,2,0,1,2,2,1,2,0,1,0,1,0,1,2,2,0,0,2,1,0,0,1,1,1,1,0,0,0,1,1,0,0,2,0,0,1,2,1,1,0,1,1,1,2,0,0,0,2,1,0,1,0,0,1,1,1,0,0,2,1,1,2,0,2,1,0,1,1,1,0,1,0,1,0,1,1,1,0,1,2,2,1,1,2,1,1,1
22:42117757:G>A,CYP2D6,22,42117757,G,A,0.2614754098360656,0,0,1,1,0,1,0,1,1,0,1,0,0,1,0,2,0,1,0,0,1,0,0,0,0,0,1,1,0,0,0,0,1,0,0,0,0,0,0,0,0,0,0,1,0,0,0,1,0,0,0,0,1,0,0,1,0,0,0,0,0,0,0,0,2,0,0,0,0,0,0,0,2,0,0,0,1,0,1,0,0,0,0,0,0,0,0,1,0,1,0,1,0,0,0,0,0,0,0,0,0,0,1,0,0,0,1,1,1,2,0,1,0,0,0,1,0,0,0,0,0,0,0,1,0,1,0,1,0,0,0,2,0,0,1,0,1,1,1,0,2,0,0,0,1,0,1,0,2,0,0,1,0,1,1,0,1,0,1,0,0,1,0,1,0,1,2,0,1,1,1,0,0,0,2,1,0,1,1,0,2,1,2,2,2,1,1,1,0,0,0,1,0,0,0,0,1,0,0,0,1,1,1,1,2,0,1,0,1,0,1,2,1,1,2,0,1,2,1,1,1,1,1,1,1,1,1,0,1,0,0,1,0,1,1,1,0,0,1,0,1,0,2,1,0,1,2,2,1,0,0,0,0,1,1,1,1,0,0,0,1,1,0,1,2,2,0,0,0,1,2,0,0,0,0,0,1,0,0,1,1,1,1,0,1,1,0,2,1,1,1,0,0,1,0,1,0,0,0,0,0,1,0,0,0,0,1,0,0,0,1,0,1,0,0,0,0,1,1,0,0,0,0,1,0,0,0,1,0,1,1,0,0,1,1,1,0,0,0,2,0,1,0,0,0,1,0,0,0,0,0,0,0,0,1,0,0,1,0,1,0,1,0,0,0,1,1,1,0,1,1,0,1,1,1,0,0,0,1,0,1,0,0,0,0,0,1,0,1,0,0,1,0,0,0,0,0,0,0,1,0,0,2,0,0,0,0,0,0,0,0,0,2,0,0,0,0,0,1,0,0,1,0,0,0,1,0,0,1,0,0,0,1,1,1,0,1,1,1,1,0,1,0,1,0,1,0,0,1,0,0,1,0,0,0,0,1,1,1,1,0,0,1,0,0,0,0,0,0,0,0,2,0,1,0,0,0,0,0,0,0,1,0,0,0,0,1,0,0,1,0,0,1,0,0,1,0,1,1,1,0,0,0,1,1,2,2,1,1,2,0,1,2,1,1,0,1,1,0,0,1,1,2,2,0,1,2,2,1,2,0,1,0,1,0,1,2,2,0,0,2,1,0,0,1,1,1,1,0,0,0,1,1,0,0,2,0,0,1,2,1,1,0,1,1,1,2,0,0,0,2,1,0,1,0,0,1,1,1,0,0,2,1,1,2,0,2,1,0,1,1,1,0,1,0,1,0,1,1,1,0,1,2,2,1,1,2,1,1,1
22:42117820:G>C,CYP2D6,22,42117820,G,C,0.2614754098360656,0,0,1,1,0,1,0,1,1,0,1,0,0,1,0,2,0,1,0,0,1,0,0,0,0,0,1,1,0,0,0,0,1,0,0,0,0,0,0,0,0,0,0,1,0,0,0,1,0,0,0,0,1,0,0,1,0,0,0,0,0,0,0,0,2,0,0,0,0,0,0,0,2,0,0,0,1,0,1,0,0,0,0,0,0,0,0,1,0,1,0,1,0,0,0,0,0,0,0,0,0,0,1,0,0,0,1,1,1,2,0,1,0,0,0,1,0,0,0,0,0,0,0,1,0,1,0,1,0,0,0,2,0,0,1,0,1,1,1,0,2,0,0,0,1,0,1,0,2,0,0,1,0,1,1,0,1,0,1,0,0,1,0,1,0,1,2,0,1,1,1,0,0,0,2,1,0,1,1,0,2,1,2,2,2,1,1,1,0,0,0,1,0,0,0,0,1,0,0,0,1,1,1,1,2,0,1,0,1,0,1,2,1,1,2,0,1,2,1,1,1,1,1,1,1,1,1,0,1,0,0,1,0,1,1,1,0,0,1,0,1,0,2,1,0,1,2,2,1,0,0,0,0,1,1,1,1,0,0,0,1,1,0,1,2,2,0,0,0,1,2,0,0,0,0,0,1,0,0,1,1,1,1,0,1,1,0,2,1,1,1,0,0,1,0,1,0,0,0,0,0,1,0,0,0,0,1,0,0,0,1,0,1,0,0,0,0,1,1,0,0,0,0,1,0,0,0,1,0,1,1,0,0,1,1,1,0,0,0,2,0,1,0,0,0,1,0,0,0,0,0,0,0,0,1,0,0,1,0,1,0,1,0,0,0,1,1,1,0,1,1,0,1,1,1,0,0,0,1,0,1,0,0,0,0,0,1,0,1,0,0,1,0,0,0,0,0,0,0,1,0,0,2,0,0,0,0,0,0,0,0,0,2,0,0,0,0,0,1,0,0,1,0,0,0,1,0,0,1,0,0,0,1,1,1,0,1,1,1,1,0,1,0,1,0,1,0,0,1,0,0,1,0,0,0,0,1,1,1,1,0,0,1,0,0,0,0,0,0,0,0,2,0,1,0,0,0,0,0,0,0,1,0,0,0,0,1,0,0,1,0,0,1,0,0,1,0,1,1,1,0,0,0,1,1,2,2,1,1,2,0,1,2,1,1,0,1,1,0,0,1,1,2,2,0,1,2,2,1,2,0,1,0,1,0,1,2,2,0,0,2,1,0,0,1,1,1,1,0,0,0,1,1,0,0,2,0,0,1,2,1,1,0,1,1,1,2,0,0,0,2,1,0,1,0,0,1,1,1,0,0,2,1,1,2,0,2,1,0,1,1,1,0,1,0,1,0,1,1,1,0,1,2,2,1,1,2,1,1,1
22:42118061:C>CA,CYP2D6,22,42118061,C,CA,0.2614754098360656,0,0,1,1,0,1,0,1,1,0,1,0,0,1,0,2,0,1,0,0,1,0,0,0,0,0,1,1,0,0,0,0,1,0,0,0,0,0,0,0,0,0,0,1,0,0,0,1,0,0,0,0,1,0,0,1,0,0,0,0,0,0,0,0,2,0,0,0,0,0,0,0,2,0,0,0,1,0,1,0,0,0,0,0,0,0,0,1,0,1,0,1,0,0,0,0,0,0,0,0,0,0,1,0,0,0,1,1,1,2,0,1,0,0,0,1,0,0,0,0,0,0,0,1,0,1,0,1,0,0,0,1,0,0,1,0,1,1,1,0,2,0,0,0,1,0,1,0,2,0,0,1,0,1,1,0,1,0,1,0,0,1,0,1,0,1,2,0,1,1,1,0,0,0,2,1,0,1,1,0,2,1,2,2,2,1,1,1,0,0,0,1,0,0,0,0,1,0,0,0,1,1,1,1,2,0,1,0,1,0,1,2,1,1,2,0,1,2,1,1,1,1,1,1,1,1,1,0,1,0,0,1,0,1,1,1,0,0,1,0,1,0,2,1,0,1,2,2,1,0,0,0,0,1,1,1,1,0,0,0,1,1,0,1,2,2,0,0,0,1,2,0,0,0,0,0,1,0,0,1,1,1,1,0,1,1,0,2,1,1,1,0,0,1,0,1,0,0,0,0,0,1,0,0,0,0,1,0,0,0,1,0,1,0,0,0,0,1,1,0,0,0,0,1,0,0,0,1,0,1,1,0,0,1,1,1,0,0,0,2,0,1,0,0,0,1,0,0,0,0,0,0,0,0,1,0,0,1,0,1,0,1,0,0,0,1,1,1,0,1,1,0,1,1,1,0,0,0,1,0,1,0,0,0,0,0,1,0,1,0,0,1,0,0,0,0,0,0,0,1,0,0,2,0,0,0,0,0,0,0,0,0,2,0,0,0,0,0,1,0,0,1,0,0,0,1,0,0,1,0,0,0,1,1,1,0,1,1,1,1,0,1,0,1,0,1,0,0,1,0,0,1,0,0,0,0,1,1,1,1,0,0,1,0,0,0,0,0,0,0,0,2,0,1,0,0,0,0,0,0,0,1,0,0,0,0,1,0,0,1,0,0,1,0,0,1,0,1,1,1,0,0,0,1,1,2,2,1,1,2,0,1,2,1,1,0,1,1,0,0,1,1,2,2,0,1,2,2,1,2,0,1,0,1,0,1,2,2,0,0,2,1,0,0,1,1,1,1,0,0,0,1,2,0,0,2,0,0,1,2,1,1,0,1,1,1,2,0,0,0,2,1,0,1,0,0,1,1,1,0,0,2,1,1,2,0,2,1,0,1,1,1,0,1,0,1,0,1,1,1,0,1,2,2,1,1,2,1,1,1
22:42118186:T>C,CYP2D6,22,42118186,T,C,0.260655737704918,0,0,1,1,0,1,0,1,1,0,1,0,0,1,0,2,0,1,0,0,1,0,0,0,0,0,1,1,0,0,0,0,1,0,0,0,0,0,0,0,0,0,0,1,0,0,0,1,0,0,0,0,1,0,0,1,0,0,0,0,0,0,0,0,2,0,0,0,0,0,0,0,2,0,0,0,1,0,1,0,0,0,0,0,0,0,0,0,0,1,0,1,0,0,0,0,0,0,0,0,0,0,1,0,0,0,1,1,1,2,0,1,0,0,0,1,0,0,0,0,0,0,0,1,0,1,0,1,0,0,0,2,0,0,1,0,1,1,1,0,2,0,0,0,1,0,1,0,2,0,0,1,0,1,1,0,1,0,1,0,0,1,0,1,0,1,2,0,1,1,1,0,0,0,2,1,0,1,1,0,2,1,2,2,2,1,1,1,0,0,0,1,0,0,0,0,1,0,0,0,1,1,1,1,2,0,1,0,1,0,1,2,1,1,2,0,1,2,1,1,1,1,1,1,1,1,1,0,1,0,0,1,0,1,1,1,0,0,1,0,1,0,2,1,0,1,2,2,1,0,0,0,0,1,1,1,1,0,0,0,1,1,0,1,2,2,0,0,0,1,2,0,0,0,0,0,1,0,0,1,1,1,1,0,1,1,0,2,1,1,1,0,0,1,0,1,0,0,0,0,0,1,0,0,0,0,1,0,0,0,1,0,1,0,0,0,0,1,1,0,0,0,0,1,0,0,0,1,0,1,1,0,0,1,1,1,0,0,0,2,0,1,0,0,0,1,0,0,0,0,0,0,0,0,1,0,0,1,0,1,0,1,0,0,0,1,1,1,0,1,1,0,1,1,1,0,0,0,1,0,1,0,0,0,0,0,1,0,1,0,0,1,0,0,0,0,0,0,0,1,0,0,2,0,0,0,0,0,0,0,0,0,2,0,0,0,0,0,1,0,0,1,0,0,0,1,0,0,1,0,0,0,1,1,1,0,1,1,1,1,0,1,0,1,0,1,0,0,1,0,0,1,0,0,0,0,1,1,1,1,0,0,1,0,0,0,0,0,0,0,0,2,0,1,0,0,0,0,0,0,0,1,0,0,0,0,1,0,0,1,0,0,1,0,0,1,0,1,1,1,0,0,0,1,1,2,2,1,1,2,0,1,2,1,1,0,1,1,0,0,1,1,2,2,0,1,2,2,1,2,0,1,0,1,0,1,2,2,0,0,2,1,0,0,1,1,1,1,0,0,0,1,1,0,0,2,0,0,1,2,1,1,0,1,1,1,2,0,0,0,2,1,0,1,0,0,1,1,1,0,0,2,1,1,2,0,2,1,0,1,1,1,0,1,0,1,0,1,1,1,0,1,2,2,1,1,2,1,1,1
22:42119191:GAGAT>G,CYP2D6,22,42119191,GAGAT,G,0.26721311475409837,0,0,1,1,0,1,0,1,1,0,1,0,0,1,0,2,0,1,0,0,1,0,0,0,0,0,1,1,0,0,0,0,1,0,0,0,0,0,0,0,0,0,0,1,0,0,0,1,0,0,0,0,1,0,0,1,0,0,0,0,0,0,0,0,2,0,0,0,0,0,0,0,2,0,0,0,1,0,1,0,0,0,0,0,0,0,0,1,0,1,0,1,0,0,0,0,0,0,0,0,0,0,1,0,0,0,1,1,1,2,0,1,1,0,0,1,0,0,0,0,0,0,0,1,0,1,0,1,0,0,0,2,0,0,1,0,1,1,1,0,2,0,0,0,1,0,1,0,2,0,0,1,0,1,1,0,1,0,1,0,0,1,0,1,0,1,2,0,1,1,1,1,0,0,2,1,0,1,1,0,2,1,2,2,2,1,1,1,0,0,0,1,0,0,0,0,1,0,0,0,1,1,1,1,2,0,1,0,1,0,1,2,1,1,2,0,1,2,1,1,1,1,1,1,1,1,1,0,1,0,0,1,0,1,1,1,0,0,1,1,1,0,2,1,1,2,2,2,1,0,0,1,0,1,1,1,1,0,0,0,1,1,0,1,2,2,0,0,0,1,2,0,0,0,0,0,1,0,1,1,1,1,1,0,1,1,0,2,1,1,1,0,0,1,0,1,0,0,0,0,0,1,0,0,0,0,1,0,0,0,1,0,1,0,0,0,0,1,1,0,0,0,0,1,0,0,0,1,0,1,1,0,0,1,1,1,0,0,0,2,0,1,0,0,0,1,0,0,0,0,0,0,0,0,1,0,0,1,0,1,0,1,0,0,0,1,1,1,0,1,1,0,1,1,0,0,0,0,1,0,1,0,0,0,0,0,1,0,1,0,0,1,0,0,0,0,0,0,0,1,0,0,2,0,0,0,0,0,0,0,0,0,2,0,0,0,0,0,1,0,0,1,0,0,0,1,0,0,1,0,0,0,1,1,1,0,1,1,1,1,0,1,0,1,0,1,0,0,1,0,0,1,0,0,0,0,1,1,1,1,0,0,1,0,0,0,0,0,0,0,0,2,0,1,0,0,0,0,0,0,0,1,0,0,0,0,1,0,0,1,0,0,1,0,0,1,0,1,1,1,0,0,0,1,1,2,2,1,1,2,0,1,2,1,1,0,1,1,0,0,1,1,2,2,0,1,2,2,1,2,1,1,0,1,0,1,2,2,0,0,2,1,0,0,1,1,1,1,0,0,0,1,1,0,0,2,0,0,1,2,1,1,0,1,1,1,2,0,0,0,2,1,0,1,0,0,1,1,1,0,0,2,1,1,2,0,2,1,0,1,1,1,0,1,0,1,0,1,1,1,0,1,2,2,1,1,2,1,1,1
22:42119195:TAGAC>T,CYP2D6,22,42119195,TAGAC,T,0.26721311475409837,0,0,1,1,0,1,0,1,1,0,1,0,0,1,0,2,0,1,0,0,1,0,0,0,0,0,1,1,0,0,0,0,1,0,0,0,0,0,0,0,0,0,0,1,0,0,0,1,0,0,0,0,1,0,0,1,0,0,0,0,0,0,0,0,2,0,0,0,0,0,0,0,2,0,0,0,1,0,1,0,0,0,0,0,0,0,0,1,0,1,0,1,0,0,0,0,0,0,0,0,0,0,1,0,0,0,1,1,1,2,0,1,1,0,0,1,0,0,0,0,0,0,0,1,0,1,0,1,0,0,0,2,0,0,1,0,1,1,1,0,2,0,0,0,1,0,1,0,2,0,0,1,0,1,1,0,1,0,1,0,0,1,0,1,0,1,2,0,1,1,1,1,0,0,2,1,0,1,1,0,2,1,2,2,2,1,1,1,0,0,0,1,0,0,0,0,1,0,0,0,1,1,1,1,2,0,1,0,1,0,1,2,1,1,2,0,1,2,1,1,1,1,1,1,1,1,1,0,1,0,0,1,0,1,1,1,0,0,1,1,1,0,2,1,1,2,2,2,1,0,0,1,0,1,1,1,1,0,0,0,1,1,0,1,2,2,0,0,0,1,2,0,0,0,0,0,1,0,1,1,1,1,1,0,1,1,0,2,1,1,1,0,0,1,0,1,0,0,0,0,0,1,0,0,0,0,1,0,0,0,1,0,1,0,0,0,0,1,1,0,0,0,0,1,0,0,0,1,0,1,1,0,0,1,1,1,0,0,0,2,0,1,0,0,0,1,0,0,0,0,0,0,0,0,1,0,0,1,0,1,0,1,0,0,0,1,1,1,0,1,1,0,1,1,0,0,0,0,1,0,1,0,0,0,0,0,1,0,1,0,0,1,0,0,0,0,0,0,0,1,0,0,2,0,0,0,0,0,0,0,0,0,2,0,0,0,0,0,1,0,0,1,0,0,0,1,0,0,1,0,0,0,1,1,1,0,1,1,1,1,0,1,0,1,0,1,0,0,1,0,0,1,0,0,0,0,1,1,1,1,0,0,1,0,0,0,0,0,0,0,0,2,0,1,0,0,0,0,0,0,0,1,0,0,0,0,1,0,0,1,0,0,1,0,0,1,0,1,1,1,0,0,0,1,1,2,2,1,1,2,0,1,2,1,1,0,1,1,0,0,1,1,2,2,0,1,2,2,1,2,1,1,0,1,0,1,2,2,0,0,2,1,0,0,1,1,1,1,0,0,0,1,1,0,0,2,0,0,1,2,1,1,0,1,1,1,2,0,0,0,2,1,0,1,0,0,1,1,1,0,0,2,1,1,2,0,2,1,0,1,1,1,0,1,0,1,0,1,1,1,0,1,2,2,1,1,2,1,1,1
22:42119235:TAC>T,CYP2D6,22,42119235,TAC,T,0.023770491803278688,0,0,0,0,0,0,0,0,0,0,0,0,2,0,0,0,0,0,0,0,1,0,0,0,0,1,0,0,0,0,0,0,0,0,0,0,0,0,0,0,0,0,1,0,0,0,0,0,1,0,0,1,0,1,1,0,0,0,0,1,0,0,0,0,0,1,0,0,1,0,0,0,0,0,0,0,0,0,0,0,0,1,0,0,0,0,0,1,0,0,0,0,0,0,0,0,0,0,1,1,0,0,0,0,0,0,0,0,0,0,0,0,0,0,0,0,0,0,0,0,0,0,0,0,0,0,0,0,0,0,0,0,0,0,0,0,0,0,0,0,0,0,0,0,0,0,0,0,0,0,0,0,0,0,0,0,0,0,0,0,0,0,0,0,0,0,0,0,0,0,0,0,0,0,0,0,0,0,0,0,0,0,0,0,0,0,0,0,0,0,0,0,0,0,0,0,0,0,0,0,0,0,0,0,0,0,0,0,0,0,0,0,0,0,0,0,0,0,0,0,0,0,0,0,0,0,0,0,0,0,0,0,0,0,0,0,0,0,0,0,0,0,0,0,0,0,0,0,0,0,0,0,0,0,0,0,0,0,0,0,0,0,0,1,0,0,0,0,0,0,0,0,0,0,0,0,0,0,0,0,0,0,0,0,0,0,0,0,0,0,0,0,0,0,0,0,1,0,0,0,0,0,0,0,0,1,0,0,1,0,0,0,0,0,0,0,0,0,0,0,0,1,0,0,0,1,0,0,0,0,0,0,0,0,0,0,0,0,0,0,0,0,0,0,0,0,0,0,0,0,0,0,0,0,0,0,0,0,0,0,0,0,0,0,0,0,0,0,0,0,0,1,0,0,0,0,0,0,0,0,0,0,0,1,0,0,0,0,0,0,1,0,0,0,0,0,0,0,0,0,0,0,0,0,0,1,0,0,0,0,0,0,0,0,0,0,0,0,0,0,0,0,0,0,0,0,0,0,0,0,0,0,0,0,0,0,0,0,0,0,0,0,0,0,0,0,0,0,0,0,1,0,0,0,0,0,0,0,0,0,0,0,0,0,0,0,0,0,0,0,0,0,0,0,0,0,0,0,0,0,0,0,0,0,0,0,0,0,0,1,0,0,1,0,0,0,0,0,0,0,0,0,0,0,0,0,0,0,0,0,0,0,0,0,0,0,0,0,0,0,0,0,0,0,0,0,0,0,0,0,0,0,0,0,0,0,0,0,0,0,0,0,0,0,0,0,0,0,0,0,0,0,0,0,0,0,0,0,0,0,0,0,0,0,0,0,0,0,0,0,0,0,0,0,0,0,0,0,0,0,0,0,0,0,0,0,0,0,0,0,0,0,0,0,0,0,0,0,0,0,0,0,0,0,0,0,0,0,0,0
22:42119310:T>A,CYP2D6,22,42119310,T,A,0.04262295081967213,0,0,0,1,0,0,0,0,0,0,0,1,0,0,1,0,1,0,0,0,0,0,1,0,0,0,0,0,0,0,0,0,1,0,0,0,1,0,1,0,0,0,0,0,1,1,0,0,0,1,0,0,0,0,0,0,0,0,0,0,0,1,0,0,0,0,0,0,0,0,0,0,0,0,0,0,0,0,0,0,0,0,0,0,0,1,0,0,0,0,0,0,0,0,0,0,0,0,0,0,1,0,1,1,0,0,0,0,0,0,0,0,0,1,0,0,0,0,0,0,0,0,0,0,0,0,0,0,0,0,0,0,0,0,0,0,0,0,0,0,0,0,0,0,0,0,0,0,0,0,0,0,0,0,0,0,0,0,0,0,0,0,0,0,0,0,0,0,1,0,0,0,0,1,0,0,1,0,0,0,0,0,0,0,0,0,1,0,0,0,0,0,0,0,0,0,0,0,0,0,0,0,0,0,0,0,0,0,0,0,0,0,0,0,0,0,0,0,0,0,1,0,0,0,0,0,0,0,0,0,0,0,0,0,0,0,0,0,0,0,0,0,0,0,0,0,0,0,0,0,0,0,0,0,0,0,0,0,0,0,0,0,0,0,0,0,0,0,0,0,0,0,0,0,0,0,0,0,0,0,0,0,0,0,0,0,0,1,0,0,1,0,0,0,0,0,0,0,0,0,0,0,1,0,0,0,0,0,0,1,0,0,0,0,0,1,0,0,0,0,0,0,0,0,0,0,0,0,0,0,0,0,0,0,1,0,0,0,0,0,0,1,0,0,0,0,1,0,0,0,0,0,0,1,0,0,0,1,0,1,0,0,0,0,1,0,1,1,1,0,0,0,0,0,0,0,0,0,0,0,0,0,0,0,0,0,0,0,0,0,0,0,0,0,0,1,0,0,0,0,0,0,0,0,0,0,0,0,1,0,0,0,0,0,0,0,0,0,0,0,0,0,0,0,0,0,1,0,0,0,0,0,0,0,0,0,0,0,0,0,1,0,0,0,0,1,0,0,0,0,0,0,0,0,0,0,0,1,0,0,1,0,0,0,0,0,0,0,0,0,0,0,0,0,0,0,0,0,0,0,0,0,1,0,0,0,0,0,0,0,0,0,0,1,0,0,0,0,0,0,0,0,0,0,0,0,1,0,0,0,0,0,0,0,0,0,0,0,0,0,0,0,0,0,0,0,0,0,0,1,0,0,0,0,0,0,0,0,0,0,0,0,0,0,0,0,0,0,0,0,0,0,0,0,0,0,0,0,1,0,0,0,0,0,0,0,1,0,0,0,0,0,0,0,0,0,0,0,0,0,0,0,0,0,0,0,0,0,0,0,0,0,0,0,0,1,0,0,0,0,0,0,0,0,0,0,1,0,0,0
22:42119338:T>A,CYP2D6,22,42119338,T,A,0.09918032786885246,0,1,1,0,0,0,0,1,0,0,0,0,0,0,1,1,1,0,0,0,0,0,0,0,0,0,1,0,0,0,0,0,0,0,0,0,0,0,0,1,0,0,0,0,0,0,0,0,0,0,0,0,0,0,0,1,0,0,1,0,0,1,0,0,0,0,0,1,1,0,1,0,0,0,0,1,0,0,1,0,0,0,0,0,0,0,0,0,1,1,1,0,0,0,0,0,0,0,0,0,0,0,0,0,0,1,0,1,1,0,0,0,0,0,0,1,1,0,0,0,0,1,0,0,0,0,0,0,0,0,0,0,1,0,0,0,0,0,1,0,1,0,0,0,0,0,0,0,0,0,0,0,1,1,0,0,0,0,0,0,1,0,0,1,0,1,0,1,1,0,0,0,1,1,1,0,0,1,0,0,0,0,1,0,0,0,0,0,0,0,0,0,0,0,1,1,0,0,0,0,0,0,1,0,0,0,0,0,0,0,0,1,1,0,0,0,0,0,1,0,0,0,0,0,0,0,1,0,0,0,0,0,0,0,0,0,0,0,0,0,0,0,0,0,0,0,0,0,0,0,0,0,0,0,0,0,1,0,0,0,0,1,1,0,0,1,0,0,0,0,0,0,0,0,0,0,1,0,0,0,0,0,0,0,0,0,0,0,1,0,0,0,0,0,0,0,0,0,0,1,1,1,0,1,0,0,0,0,0,1,0,0,1,1,1,0,0,0,0,0,0,0,0,1,1,0,0,0,0,0,0,0,1,1,0,0,0,0,0,0,0,1,1,1,1,0,0,0,0,1,0,0,0,1,0,0,1,0,0,1,0,0,0,0,0,1,1,0,0,0,1,0,0,0,0,0,0,0,1,1,0,1,0,0,0,0,0,0,0,0,0,0,1,0,1,0,1,1,0,0,0,0,1,0,0,0,0,0,1,0,0,0,0,0,1,1,0,0,1,0,0,1,0,0,0,0,0,0,0,0,0,0,0,0,0,1,1,0,0,0,0,0,0,0,0,1,0,0,0,0,0,0,0,0,0,0,0,0,0,0,0,0,0,0,0,0,0,0,1,0,0,0,0,0,1,0,0,0,1,0,0,0,1,0,0,0,1,0,1,0,0,0,0,0,1,0,0,0,0,0,1,0,0,0,0,1,1,0,0,0,0,0,0,0,0,0,0,0,0,0,0,0,0,0,0,0,0,0,0,1,0,0,0,0,0,0,1,0,0,0,1,0,1,0,1,1,0,1,0,0,0,0,0,0,0,0,0,0,0,0,1,0,0,1,0,0,0,0,0,1,0,0,0,1,0,0,0,0,0,0,0,1,1,0,0,0,0,0,0,0,1,0,0,0,0,0,0,1,0,0,0,1,0,0,1,1,0,1,0,0
22:42119343:G>T,CYP2D6,22,42119343,G,T,0.02459016393442623,0,1,0,0,0,0,0,0,0,0,0,0,0,0,1,0,1,0,0,0,0,0,0,0,0,0,0,0,0,0,0,0,0,0,0,0,0,0,0,1,0,0,0,0,0,0,0,0,0,0,0,0,0,0,0,0,0,0,0,0,0,0,0,0,0,0,0,0,1,0,0,0,0,0,0,0,0,0,1,0,0,0,0,0,0,0,0,0,1,0,1,0,0,0,0,0,0,0,0,0,0,0,0,0,0,0,0,1,0,0,0,0,0,0,0,0,0,0,0,0,0,0,0,0,0,0,0,0,0,0,0,0,0,0,0,0,0,0,0,0,0,0,0,0,0,0,0,0,0,0,0,0,0,0,0,0,0,0,0,0,0,0,0,0,0,0,0,0,0,0,0,0,0,0,0,0,0,0,0,0,0,0,0,0,0,0,0,0,0,0,0,0,0,0,0,0,0,0,0,0,0,0,0,0,0,0,0,0,0,0,0,0,1,0,0,0,0,0,0,0,0,0,0,0,0,0,0,0,0,0,0,0,0,0,0,0,0,0,0,0,0,0,0,0,0,0,0,0,0,0,0,0,0,0,0,0,0,0,0,0,0,1,0,0,0,0,0,0,0,0,0,0,0,0,0,0,0,0,0,0,0,0,0,0,0,0,0,0,0,0,0,0,0,0,0,0,0,0,0,0,0,0,0,0,0,0,0,0,0,1,0,0,0,0,0,0,0,0,0,0,0,0,0,0,0,0,0,0,0,0,0,0,0,0,0,0,0,0,0,0,0,1,0,0,1,0,0,0,0,0,0,0,0,0,0,0,1,0,0,0,0,0,0,0,0,1,0,0,0,0,1,0,0,0,0,0,0,0,0,0,0,1,0,0,0,0,0,0,0,0,0,0,1,0,0,0,0,1,0,0,0,0,0,0,0,0,0,0,0,0,0,0,0,0,0,0,0,0,0,0,0,0,0,0,0,0,0,0,0,0,0,0,0,0,0,0,1,0,0,0,0,0,0,0,0,0,0,0,0,0,0,0,0,0,0,0,0,0,0,0,0,0,0,0,0,0,0,0,1,0,0,0,0,0,1,0,0,0,0,0,0,0,0,0,0,0,1,0,1,0,0,0,0,0,1,0,0,0,0,0,1,0,0,0,0,1,0,0,0,0,0,0,0,0,0,0,0,0,0,0,0,0,0,0,0,0,0,0,0,0,0,0,0,0,0,0,0,0,0,0,0,0,0,0,0,0,0,0,0,0,0,0,0,0,0,0,0,0,0,0,0,0,0,0,0,0,0,0,0,0,0,0,0,0,0,0,0,0,0,0,0,0,0,0,0,0,0,0,0,0,1,0,0,0,0,0,0,0,0,0,0,0,0,0,0,1,0,0,0,0
22:42119633:G>C,CYP2D6,22,42119633,G,C,0.26229508196721313,0,0,1,1,0,1,0,1,1,0,1,0,0,1,0,2,0,1,0,0,1,0,0,0,0,0,1,1,0,0,0,0,1,0,0,0,0,0,0,0,0,0,0,1,0,0,0,1,0,0,0,0,1,0,0,1,0,0,0,0,0,0,0,0,2,0,0,0,0,0,0,0,2,0,0,0,1,1,1,0,0,0,0,0,0,0,0,1,0,1,0,1,0,0,0,0,0,0,0,0,0,0,1,0,0,0,1,1,1,2,0,1,0,0,0,1,0,0,0,0,0,0,0,1,0,1,0,1,0,0,0,2,0,0,1,0,1,1,1,0,2,0,0,0,1,0,1,0,2,0,0,1,0,1,1,0,1,0,1,0,0,1,0,1,0,1,2,0,1,1,1,0,0,0,2,1,0,1,1,0,2,1,2,2,2,1,1,1,0,0,0,1,0,0,0,0,1,0,0,0,1,1,1,1,2,0,1,0,1,0,1,2,1,1,2,0,1,2,1,1,1,1,1,1,1,1,1,0,1,0,0,1,0,1,1,1,0,0,1,0,1,0,2,1,0,1,2,2,1,0,0,0,0,1,1,1,1,0,0,0,1,1,0,1,2,2,0,0,0,1,2,0,0,0,0,0,1,0,0,1,1,1,1,0,1,1,0,2,1,1,1,0,0,1,0,1,0,0,0,0,0,1,0,0,0,0,1,0,0,0,1,0,1,0,0,0,0,1,1,0,0,0,0,1,0,0,0,1,0,1,1,0,0,1,1,1,0,0,0,2,0,1,0,0,0,1,0,0,0,0,0,0,0,0,1,0,0,1,0,1,0,1,0,0,0,1,1,1,0,1,1,0,1,1,1,0,0,0,1,0,1,0,0,0,0,0,1,0,1,0,0,1,0,0,0,0,0,0,0,1,0,0,2,0,0,0,0,0,0,0,0,0,2,0,0,0,0,0,1,0,0,1,0,0,0,1,0,0,1,0,0,0,1,1,1,0,1,1,1,1,0,1,0,1,0,1,0,0,1,0,0,1,0,0,0,0,1,1,1,1,0,0,1,0,0,0,0,0,0,0,0,2,0,1,0,0,0,0,0,0,0,1,0,0,0,0,1,0,0,1,0,0,1,0,0,1,0,1,1,1,0,0,0,1,1,2,2,1,1,2,0,1,2,1,1,0,1,1,0,0,1,1,2,2,0,1,2,2,1,2,0,1,0,1,0,1,2,2,0,0,2,1,0,0,1,1,1,1,0,0,0,1,1,0,0,2,0,0,1,2,1,1,0,1,1,1,2,0,0,0,2,1,0,1,0,0,1,1,1,0,0,2,1,1,2,0,2,1,0,1,1,1,0,1,0,1,0,1,1,1,0,1,2,2,1,1,2,1,1,1
22:42119841:TGA>T,CYP2D6,22,42119841,TGA,T,0.07704918032786885,0,0,1,0,0,0,0,0,0,0,0,0,0,0,0,1,0,1,0,0,0,0,0,0,0,0,1,1,0,0,0,0,0,0,0,0,0,0,0,0,0,0,0,0,0,0,0,0,0,0,0,0,0,0,0,0,0,0,0,0,0,0,0,0,0,0,0,0,0,0,0,0,1,0,0,0,1,0,0,0,0,0,0,0,0,0,0,1,0,1,0,1,0,0,0,0,0,0,0,0,0,0,0,0,0,0,0,0,0,2,0,1,0,0,0,0,0,0,0,0,0,0,0,0,0,0,0,0,0,0,0,1,0,0,1,0,0,0,0,0,0,0,0,0,0,0,0,0,1,0,0,0,0,0,1,0,0,0,0,0,0,0,0,0,0,1,1,0,0,0,0,0,0,0,1,0,0,0,0,0,1,0,2,0,0,0,1,0,0,0,0,0,0,0,0,0,0,0,0,0,0,0,0,1,1,0,0,0,0,0,1,0,1,1,1,0,0,2,1,0,1,1,0,0,0,0,0,0,0,0,0,0,0,1,1,1,0,0,1,0,0,0,1,0,0,0,0,2,0,0,0,0,0,1,0,1,0,0,0,0,1,0,0,0,1,2,0,0,0,1,1,0,0,0,0,0,0,0,0,1,0,0,0,0,1,0,0,1,0,1,0,0,0,0,0,0,0,0,0,0,0,0,0,0,0,0,0,0,0,0,1,0,0,0,0,0,0,0,0,0,0,0,0,1,0,0,0,0,0,0,0,0,0,1,0,0,0,0,0,0,0,0,0,0,0,0,0,0,0,0,0,0,0,0,0,0,0,0,0,0,0,0,0,0,0,1,0,0,0,1,1,0,1,1,0,0,0,0,0,0,0,0,0,0,0,0,0,0,0,0,0,0,0,0,0,0,0,0,0,0,0,0,0,0,0,0,0,0,0,0,0,0,0,0,0,0,0,0,0,0,0,1,0,0,0,0,0,0,0,0,0,0,0,0,0,0,0,0,0,0,0,0,0,0,0,0,0,0,0,0,0,0,0,0,0,0,0,0,0,0,0,0,0,0,0,0,0,0,0,0,0,0,0,0,0,0,0,0,0,0,0,0,0,0,0,0,0,0,0,0,0,0,0,0,0,0,0,0,0,0,0,0,0,0,0,1,0,1,0,0,0,1,0,0,1,0,1,0,0,0,0,0,2,2,0,1,1,2,0,1,0,0,0,1,0,0,1,0,0,0,1,1,0,0,0,0,0,1,0,0,0,0,0,0,0,0,0,0,0,0,0,0,0,0,0,1,0,0,0,0,0,0,0,1,0,0,0,0,0,0,0,0,0,1,1,0,2,0,0,1,0,0,0,1,0,0,0,0,0,0,0,0,1,1,0,0,0,1,1,0
22:42120201:A>C,CYP2D6,22,42120201,A,C,0.3909836065573771,1,2,2,2,1,1,0,2,2,1,1,2,0,1,2,2,2,2,1,1,1,1,2,1,1,0,2,1,2,1,2,2,2,2,0,0,1,2,1,2,1,0,0,2,2,2,1,2,1,2,2,1,1,1,1,2,2,2,2,1,1,2,2,2,2,1,2,1,1,2,2,1,2,2,1,2,1,2,2,1,2,1,1,1,1,2,2,1,2,2,1,1,1,2,1,1,2,1,1,0,1,2,2,2,1,1,2,1,2,2,1,1,0,1,0,2,1,2,1,0,0,1,1,1,0,1,0,1,1,0,1,2,1,2,2,0,2,1,1,1,2,0,1,0,2,0,1,0,2,0,1,1,1,2,2,1,1,1,1,1,1,2,1,2,1,1,2,2,2,1,1,1,1,1,2,1,2,2,1,1,2,1,2,2,2,1,2,1,0,0,0,2,1,0,2,2,2,0,0,0,1,0,1,1,2,0,1,1,1,0,1,2,2,1,2,0,1,2,1,1,2,1,2,1,2,1,1,1,1,1,0,1,0,1,1,2,0,0,1,1,1,0,2,1,1,1,2,2,1,1,0,0,0,1,1,1,1,0,1,0,1,1,1,1,2,2,0,0,0,1,2,2,0,1,1,1,1,0,0,1,2,1,2,1,1,1,1,2,2,1,1,0,0,2,1,2,0,0,1,2,2,2,2,2,1,1,2,1,1,2,2,2,2,2,2,2,2,1,2,1,2,1,2,2,2,0,1,2,2,2,1,0,2,2,2,1,1,0,2,2,2,2,2,1,1,1,1,2,2,1,1,0,1,2,2,2,2,1,2,2,2,2,1,0,1,2,2,2,2,1,2,1,1,2,2,2,2,1,2,1,2,2,2,0,1,1,2,1,1,1,1,2,2,1,1,2,2,2,1,2,1,1,2,0,2,0,0,1,2,1,1,1,2,1,2,2,1,0,2,2,1,1,1,1,1,1,1,1,2,1,1,1,1,1,2,1,2,2,1,2,1,1,0,2,2,2,1,0,1,1,0,1,0,2,1,0,1,1,2,2,1,0,1,0,0,0,0,1,1,0,1,2,0,2,2,0,1,0,2,0,1,1,2,1,1,0,2,1,2,1,2,0,1,1,2,1,1,1,2,1,2,1,1,1,2,2,2,2,1,2,1,1,2,2,1,0,1,1,1,1,1,1,2,2,0,2,2,2,1,2,0,1,0,1,1,1,2,2,1,0,2,1,1,1,2,2,1,2,1,1,0,1,1,0,0,2,1,0,2,2,1,1,0,1,2,1,2,1,0,1,2,1,0,1,0,0,1,1,1,0,1,2,1,1,2,1,2,1,0,1,2,1,1,1,0,1,1,1,1,1,1,2,2,2,2,2,2,1,1,1
22:42120225:A>G,CYP2D6,22,42120225,A,G,0.26311475409836066,0,0,1,1,0,1,0,1,1,0,1,0,0,1,0,2,0,1,0,0,1,0,0,0,0,0,1,1,0,0,0,0,1,0,0,0,0,0,0,0,0,0,0,1,0,0,0,1,0,0,0,0,1,0,0,1,0,0,0,0,0,0,0,0,2,0,0,0,0,0,0,0,2,0,0,0,1,1,1,0,0,0,0,0,0,0,0,1,0,1,0,1,0,0,0,0,0,0,0,0,0,0,1,0,0,0,2,1,2,2,0,1,0,0,0,1,0,0,0,0,0,0,0,1,0,1,0,1,0,0,0,2,0,0,1,0,1,1,1,0,2,0,0,0,1,0,1,0,2,0,0,1,0,1,1,0,1,0,1,0,0,1,0,1,0,1,2,0,1,1,1,0,0,0,2,1,0,1,1,0,2,1,2,2,2,1,1,1,0,0,0,1,0,0,0,0,1,0,0,0,1,0,1,1,2,0,1,0,1,0,1,2,1,1,2,0,1,2,1,1,1,1,1,1,1,1,1,0,1,0,0,1,0,1,1,1,0,0,1,0,1,0,2,1,0,1,2,2,1,0,0,0,0,1,1,1,1,0,0,0,1,1,0,1,2,2,0,0,0,1,2,0,0,0,0,0,1,0,0,1,1,1,1,0,1,1,0,2,1,1,1,0,0,1,0,1,0,0,0,0,0,1,0,0,0,0,1,0,0,0,1,0,1,0,0,0,0,1,1,0,0,0,0,1,0,0,0,1,0,1,1,0,0,1,1,1,0,0,0,2,0,1,0,0,0,1,0,0,0,0,0,0,0,0,1,0,0,1,0,1,0,1,0,0,0,1,1,1,0,1,1,0,1,1,1,0,0,0,1,0,1,0,0,0,0,0,1,0,1,0,0,1,0,0,0,0,0,0,0,1,0,0,2,0,0,0,0,0,0,0,0,0,2,0,0,0,0,0,1,0,0,1,0,0,0,1,0,0,1,0,0,0,1,1,1,0,1,1,1,1,0,1,0,1,0,1,0,0,1,0,0,1,0,0,0,0,1,1,1,1,0,0,1,0,0,0,0,0,0,0,0,2,0,1,0,0,0,0,0,0,0,1,0,0,0,0,1,0,0,1,0,0,1,0,0,1,0,1,1,1,0,0,0,1,1,2,2,1,1,2,0,1,2,1,1,0,1,1,0,0,1,1,2,2,0,1,2,2,1,2,0,1,0,1,0,1,2,2,0,0,2,1,0,0,1,1,1,1,0,0,0,1,1,0,0,2,0,0,1,2,1,1,0,1,1,1,2,0,0,0,2,1,0,1,0,0,1,1,1,0,0,2,1,1,2,0,2,1,0,1,1,1,0,1,0,1,0,1,1,1,0,1,2,2,1,1,2,1,1,1
22:42120362:C>T,CYP2D6,22,42120362,C,T,0.34590163934426227,1,2,1,1,1,0,0,1,1,1,0,2,0,0,2,0,2,1,1,1,0,1,2,1,1,0,1,0,2,1,2,2,1,2,0,0,1,2,1,2,1,0,0,1,2,2,1,1,1,2,2,1,0,1,1,1,2,2,2,1,1,2,2,1,0,1,2,1,1,2,2,1,0,2,1,2,0,1,1,1,2,1,1,1,1,2,1,0,2,1,1,0,1,2,1,1,2,1,1,0,1,2,1,2,1,1,1,0,1,0,1,0,0,1,0,1,1,2,1,0,0,1,1,0,0,0,0,0,1,0,1,0,1,2,1,0,1,0,0,1,0,0,1,0,1,0,0,0,0,0,1,0,1,1,1,1,0,1,0,1,1,1,1,1,1,0,0,2,1,0,0,1,1,1,0,0,2,1,0,1,0,0,0,0,0,0,1,0,0,0,0,1,1,0,2,2,1,0,0,0,0,0,0,0,0,0,0,1,0,0,0,0,1,0,0,0,0,0,0,0,1,0,1,0,1,0,0,1,0,2,0,0,0,0,0,1,0,0,0,1,0,0,0,0,1,0,0,0,0,1,0,0,0,0,0,0,0,0,1,0,0,0,1,0,0,0,0,0,0,0,0,2,0,1,1,1,0,0,0,0,1,0,1,1,0,0,1,0,1,0,0,0,0,1,1,1,0,0,1,2,2,1,2,2,1,1,1,1,1,2,1,2,1,2,2,2,2,0,1,1,2,1,2,1,2,0,1,1,2,1,0,0,2,1,1,0,1,0,2,0,2,1,2,1,1,0,1,2,2,1,1,0,1,2,1,2,2,0,2,1,2,1,1,0,1,1,1,1,2,0,1,1,0,1,1,2,2,1,1,1,1,2,2,0,1,1,1,1,0,1,1,1,2,1,1,2,2,2,1,1,1,1,0,0,2,0,0,1,2,1,1,1,0,1,2,2,1,0,1,2,1,0,1,1,1,0,1,1,1,1,1,1,0,0,0,1,1,1,0,1,1,0,0,1,2,1,1,0,0,1,0,0,0,1,1,0,0,0,0,1,1,0,0,0,0,0,0,1,1,0,1,0,0,1,2,0,1,0,2,0,1,0,2,1,1,0,1,1,2,0,2,0,0,1,2,0,1,0,1,0,1,1,1,0,1,0,0,1,0,0,1,0,0,1,0,0,0,0,1,1,0,0,0,0,0,1,0,0,0,0,0,0,0,0,1,0,0,0,1,0,0,0,2,1,1,1,0,1,1,1,0,0,0,0,0,0,1,0,1,0,0,0,0,0,1,0,0,1,0,1,0,0,0,0,0,0,0,0,1,0,1,0,0,0,0,1,0,0,0,0,1,0,2,0,0,0,1,0,0,0,1,1,0,0,1,1,0,0,0,0
22:42120416:G>C,CYP2D6,22,42120416,G,C,0.06147540983606557,0,0,0,0,0,0,0,0,0,0,0,0,0,0,0,0,0,0,0,0,0,0,0,0,0,0,0,0,0,0,0,0,0,0,0,0,0,0,0,0,0,0,0,0,0,0,0,0,0,0,0,0,0,0,0,0,0,0,0,0,0,0,0,0,0,0,0,0,0,0,0,0,0,0,0,0,0,0,0,0,0,0,0,0,0,0,0,0,0,0,0,0,0,0,0,0,0,0,0,0,0,0,0,0,0,0,0,1,0,0,1,0,1,0,0,0,0,0,0,0,0,1,0,0,2,1,0,1,0,2,0,0,0,0,0,0,0,0,0,1,0,1,0,2,0,0,0,1,0,1,0,0,0,0,0,0,0,0,0,1,0,0,0,0,0,1,0,0,0,0,0,0,1,0,0,0,0,0,0,1,0,0,0,0,0,0,0,1,2,0,0,0,0,1,0,0,0,1,1,1,0,0,0,0,0,0,1,0,0,0,1,0,0,0,0,1,0,0,0,0,0,0,0,1,0,0,0,1,0,1,0,0,1,0,0,0,0,2,0,0,1,0,0,0,0,0,0,0,0,1,0,1,0,0,0,0,0,0,0,0,0,0,0,0,0,0,1,0,1,0,0,0,0,0,0,1,0,0,0,1,0,1,0,0,1,0,0,0,0,0,1,1,0,0,0,0,0,0,0,0,0,0,0,0,0,0,0,0,0,0,0,0,0,0,0,0,0,0,0,0,0,0,0,0,0,0,0,0,0,0,0,0,0,0,0,0,0,0,0,0,0,0,0,0,0,0,0,0,0,0,0,0,0,0,0,0,0,0,0,0,0,0,0,0,0,0,0,0,0,0,0,0,0,0,0,0,0,0,0,0,0,0,0,0,0,0,0,0,0,0,0,0,0,0,0,0,0,0,0,0,0,0,0,0,0,0,0,0,0,0,0,0,0,0,0,0,1,0,0,0,0,0,0,0,0,0,0,0,0,0,0,0,0,0,0,0,0,0,0,0,0,0,0,0,0,0,0,0,0,0,0,0,0,0,0,0,0,0,0,0,0,0,0,0,0,0,0,0,0,0,0,0,0,0,0,0,0,0,0,0,0,0,0,0,0,0,0,0,0,0,0,0,0,0,0,0,0,0,0,0,0,0,0,0,0,0,0,0,1,0,0,1,0,0,1,1,1,0,0,1,0,0,0,0,0,0,0,0,0,0,0,0,1,0,0,0,0,0,0,1,0,0,1,0,0,0,0,0,0,0,0,0,0,2,0,0,1,0,0,0,0,0,0,0,0,1,0,1,1,0,0,1,1,0,0,1,0,1,1,1,0,0,1,1,0,0,0,0,0,0,0,0,1,1,1,0,0,0,0,0,0,0,0,0,0,0,0,1,0,0
22:42120423:T>TAGTG,CYP2D6,22,42120423,T,TAGTG,0.260655737704918,0,0,1,1,0,1,0,1,1,0,1,0,0,1,0,2,0,1,0,0,1,0,0,0,0,0,1,1,0,0,0,0,1,0,0,0,0,0,0,0,0,0,0,1,0,0,0,1,0,0,0,0,1,0,0,1,0,0,0,0,0,0,0,0,2,0,0,0,0,0,0,0,2,0,0,0,1,1,1,0,0,0,0,0,0,0,0,1,0,1,0,1,0,0,0,0,0,0,0,0,0,0,1,0,0,0,1,1,1,2,0,1,0,0,0,1,0,0,0,0,0,0,0,1,0,1,0,1,0,0,0,2,0,0,1,0,1,1,1,0,2,0,0,0,1,0,1,0,2,0,0,1,0,1,1,0,1,0,1,0,0,1,0,1,0,1,2,0,1,1,1,0,0,0,2,1,0,1,1,0,2,1,2,2,2,1,1,0,0,0,0,1,0,0,0,0,1,0,0,0,1,0,1,1,2,0,1,0,1,0,1,2,1,1,2,0,1,2,1,1,1,1,1,1,1,1,1,0,1,0,0,1,0,1,1,1,0,0,1,0,1,0,2,1,0,1,2,2,1,0,0,0,0,1,1,1,1,0,0,0,1,1,0,1,2,2,0,0,0,1,2,0,0,0,0,0,1,0,0,1,1,1,1,0,1,1,0,2,1,1,1,0,0,1,0,1,0,0,0,0,0,1,0,0,0,0,1,0,0,0,1,0,1,0,0,0,0,1,1,0,0,0,0,1,0,0,0,1,0,1,1,0,0,1,1,1,0,0,0,2,0,1,0,0,0,1,0,0,0,0,0,0,0,0,1,0,0,1,0,1,0,1,0,0,0,1,1,1,0,1,1,0,1,1,1,0,0,0,1,0,1,0,0,0,0,0,1,1,1,0,0,1,0,0,0,0,0,0,0,1,0,0,2,0,0,0,0,0,0,0,0,0,2,0,0,0,0,0,1,0,0,1,0,0,0,1,0,0,1,0,0,0,1,1,1,0,1,1,1,1,0,1,0,1,0,1,0,0,1,0,0,1,0,0,0,0,1,1,1,1,0,0,1,0,0,0,0,0,0,0,0,1,0,1,0,0,0,0,0,0,0,1,0,0,0,0,1,0,0,1,0,0,1,0,0,1,0,1,1,1,0,0,0,1,1,2,2,1,1,2,0,1,2,1,1,0,1,1,0,0,1,1,2,2,0,1,2,2,1,2,0,1,0,1,0,1,2,2,0,0,2,1,0,0,1,1,1,1,0,0,0,1,1,0,0,2,0,0,1,2,1,1,0,1,1,1,2,0,0,0,2,1,0,1,0,0,1,1,1,0,0,2,1,1,2,0,2,1,0,1,1,1,0,1,0,1,0,1,1,1,0,1,2,2,1,1,2,1,1,1
22:42120618:T>C,CYP2D6,22,42120618,T,C,0.2614754098360656,0,0,1,1,0,1,0,1,1,0,1,0,0,1,0,2,0,1,0,0,1,0,0,0,0,0,1,1,0,0,0,0,1,0,0,0,0,0,0,0,0,0,0,1,0,0,0,1,0,0,0,0,1,0,0,1,0,0,0,0,0,0,0,0,2,0,0,0,0,0,0,0,2,0,0,0,1,1,1,0,0,0,0,0,0,0,0,1,0,1,0,1,0,0,0,0,0,0,0,0,0,0,1,0,0,0,1,1,1,2,0,1,0,0,0,1,0,0,0,0,0,0,0,1,0,1,0,1,0,0,0,2,0,0,1,0,1,1,1,0,2,0,0,0,1,0,1,0,2,0,0,1,0,1,1,0,1,0,1,0,0,1,0,1,0,1,2,0,1,1,1,0,0,0,2,1,0,1,1,0,2,1,2,2,2,1,1,1,0,0,0,1,0,0,0,0,1,0,0,0,1,0,1,1,2,0,1,0,1,0,1,2,1,1,2,0,1,2,1,1,1,1,1,1,1,1,1,0,1,0,0,1,0,1,1,1,0,0,1,0,1,0,2,1,0,1,2,2,1,0,0,0,0,1,1,1,1,0,0,0,1,1,0,1,2,2,0,0,0,1,2,0,0,0,0,0,1,0,0,1,1,1,1,0,1,1,0,2,1,1,1,0,0,1,0,1,0,0,0,0,0,1,0,0,0,0,1,0,0,0,1,0,1,0,0,0,0,1,1,0,0,0,0,1,0,0,0,1,0,1,1,0,0,1,1,1,0,0,0,2,0,1,0,0,0,1,0,0,0,0,0,0,0,0,1,0,0,1,0,1,0,1,0,0,0,1,1,1,0,1,1,0,1,1,1,0,0,0,1,0,1,0,0,0,0,0,1,0,1,0,0,1,0,0,0,0,0,0,0,1,0,0,2,0,0,0,0,0,0,0,0,0,2,0,0,0,0,0,1,0,0,1,0,0,0,1,0,0,1,0,0,0,1,1,1,0,1,1,1,1,0,1,0,1,0,1,0,0,1,0,0,1,0,0,0,0,1,1,1,1,0,0,1,0,0,0,0,0,0,0,0,2,0,1,0,0,0,0,0,0,0,1,0,0,0,0,1,0,0,1,0,0,1,0,0,1,0,1,1,1,0,0,0,1,1,2,2,1,1,2,0,1,2,1,1,0,1,1,0,0,1,1,2,2,0,1,2,2,1,2,0,1,0,1,0,1,2,2,0,0,2,1,0,0,1,1,1,1,0,0,0,1,1,0,0,2,0,0,1,2,1,1,0,1,1,1,2,0,0,0,2,1,0,1,0,0,1,1,1,0,0,2,1,1,2,0,2,1,0,1,1,1,0,1,0,1,0,1,1,1,0,1,2,2,1,1,2,1,1,1
22:42120861:C>T,CYP2D6,22,42120861,C,T,0.02622950819672131,0,0,0,0,0,0,0,0,0,0,0,0,0,0,0,0,0,0,0,0,0,0,0,0,0,0,0,0,0,0,0,0,0,0,0,0,0,0,0,0,0,0,0,0,0,0,0,0,0,0,0,0,0,0,0,0,0,0,0,0,0,0,0,0,0,0,0,0,0,0,0,0,0,0,0,0,0,0,0,0,0,0,0,0,0,0,0,0,0,0,0,0,0,0,0,0,0,0,0,0,0,0,0,0,0,0,0,1,0,0,0,0,1,0,0,0,0,0,0,0,0,0,0,0,0,1,0,0,0,0,0,0,0,0,0,0,0,0,0,0,0,1,0,1,0,0,0,0,0,1,0,0,0,0,0,0,0,0,0,0,0,0,0,0,0,0,0,0,0,0,0,0,0,0,0,0,0,0,0,1,0,0,0,0,0,0,0,0,1,0,0,0,0,0,0,0,0,1,1,0,0,0,0,0,0,0,0,0,0,0,0,0,0,0,0,0,0,0,0,0,0,0,0,0,0,0,0,1,0,1,0,0,1,0,0,0,0,1,0,0,1,0,0,0,0,0,0,0,0,0,0,1,0,0,0,0,0,0,0,0,0,0,0,0,0,0,1,0,0,0,0,0,0,0,0,0,0,0,0,0,0,0,0,0,0,0,0,0,0,0,0,1,0,0,0,0,0,0,0,0,0,0,0,0,0,0,0,0,0,0,0,0,0,0,0,0,0,0,0,0,0,0,0,0,0,0,0,0,0,0,0,0,0,0,0,0,0,0,0,0,0,0,0,0,0,0,0,0,0,0,0,0,0,0,0,0,0,0,0,0,0,0,0,0,0,0,0,0,0,0,0,0,0,0,0,0,0,0,0,0,0,0,0,0,0,0,0,0,0,0,0,0,0,0,0,0,0,0,0,0,0,0,0,0,0,0,0,0,0,0,0,0,0,0,0,0,0,0,0,0,0,0,0,0,0,0,0,0,0,0,0,0,0,0,0,0,0,0,0,0,0,0,0,0,0,0,0,0,0,0,0,0,0,0,0,0,0,0,0,0,0,0,0,0,0,0,0,0,0,0,0,0,0,0,0,0,0,0,0,0,0,0,0,0,0,0,0,0,0,0,0,0,0,0,0,0,0,0,0,0,0,0,0,0,0,0,0,0,0,0,0,1,0,0,1,0,1,0,0,1,0,0,0,0,0,0,0,0,0,0,0,0,1,0,0,0,0,0,0,1,0,0,1,0,0,0,0,0,0,0,0,0,0,1,0,0,0,0,0,0,0,0,0,0,0,0,0,1,1,0,0,0,1,0,0,0,0,0,1,0,0,0,0,1,0,0,0,0,0,0,0,0,1,0,0,0,0,0,0,0,0,0,0,0,0,0,0,0,0,0
22:42121467:A>T,CYP2D6,22,42121467,A,T,0.3434426229508197,1,2,1,1,1,0,0,1,1,1,0,2,0,0,2,0,2,1,1,1,0,1,2,1,1,0,1,0,2,1,2,2,1,2,0,0,1,2,1,2,1,0,0,1,2,2,1,1,1,2,2,1,0,1,1,1,2,2,2,1,1,2,2,1,0,1,2,1,1,2,2,1,0,2,1,2,0,2,1,1,2,1,1,1,1,2,1,0,2,1,1,0,1,2,1,1,2,1,1,0,1,2,1,2,1,1,1,0,1,0,1,0,0,1,0,1,1,2,1,0,0,1,1,0,0,0,0,0,1,0,1,0,1,2,1,0,1,0,0,1,0,0,1,0,1,0,0,0,0,0,1,0,1,1,1,1,0,1,0,1,1,1,1,1,1,0,0,2,1,0,0,1,1,1,0,0,2,1,0,1,0,0,0,0,0,0,1,0,0,0,0,1,1,0,2,2,1,0,0,0,0,0,0,0,0,0,0,1,0,0,0,0,1,0,0,0,0,0,0,0,1,0,1,0,1,0,0,1,0,1,0,0,0,0,0,1,0,0,0,1,0,0,0,0,1,0,0,0,0,1,0,0,0,0,0,0,0,0,1,0,0,0,1,0,0,0,0,0,0,0,0,2,0,1,1,1,0,0,0,0,1,0,1,1,0,0,1,0,1,0,0,0,0,1,1,1,0,0,1,2,2,1,2,2,1,1,1,1,1,2,1,2,1,2,2,2,2,0,1,1,2,1,2,1,2,0,1,1,2,1,0,0,2,1,1,0,1,0,2,0,2,1,2,1,1,0,1,2,2,1,1,0,1,2,1,2,2,0,2,1,2,1,1,0,1,1,1,1,2,0,1,1,0,1,1,2,2,1,1,1,1,2,2,0,1,1,1,1,0,1,1,1,2,1,1,2,2,2,1,1,1,1,0,0,2,0,0,1,2,1,1,1,0,1,2,2,1,0,1,2,1,0,1,1,1,0,1,1,1,1,1,1,0,0,0,1,1,1,0,1,1,0,0,1,2,1,1,0,0,1,0,0,0,1,1,0,0,0,0,1,1,0,0,0,0,0,0,1,1,0,1,0,0,1,2,0,1,0,2,0,1,0,2,1,1,0,1,1,2,0,2,0,0,1,2,0,1,0,1,0,1,1,1,0,1,0,0,1,0,0,1,0,0,1,0,0,0,0,1,1,0,0,0,0,0,1,0,0,0,0,0,0,0,0,1,0,0,0,1,0,0,0,1,1,1,1,0,1,1,1,0,0,0,0,0,0,1,0,1,0,0,0,0,0,1,0,0,1,0,1,0,0,0,0,0,0,0,0,0,0,1,0,0,0,0,1,0,0,0,0,1,0,1,0,0,0,1,0,0,0,1,1,0,0,1,1,0,0,0,0
22:42121488:G>A,CYP2D6,22,42121488,G,A,0.260655737704918,0,0,1,1,0,1,0,1,1,0,1,0,0,1,0,2,0,1,0,0,1,0,0,0,0,0,1,1,0,0,0,0,1,0,0,0,0,0,0,0,0,0,0,1,0,0,0,1,0,0,0,0,1,0,0,1,0,0,0,0,0,0,0,0,2,0,0,0,0,0,0,0,2,0,0,0,1,0,1,0,0,0,0,0,0,0,0,1,0,1,0,1,0,0,0,0,0,0,0,0,0,0,1,0,0,0,1,1,1,2,0,1,0,0,0,1,0,0,0,0,0,0,0,1,0,1,0,1,0,0,0,2,0,0,1,0,1,1,1,0,2,0,0,0,1,0,1,0,2,0,0,1,0,1,1,0,1,0,1,0,0,1,0,1,0,1,2,0,1,1,1,0,0,0,2,1,0,1,1,0,2,1,2,2,2,1,1,1,0,0,0,1,0,0,0,0,1,0,0,0,1,0,1,1,2,0,1,0,1,0,1,2,1,1,2,0,1,2,1,1,1,1,1,1,1,1,1,0,1,0,0,1,0,1,1,1,0,0,1,0,1,0,2,1,0,1,2,2,1,0,0,0,0,1,1,1,1,0,0,0,1,1,0,1,2,2,0,0,0,1,2,0,0,0,0,0,1,0,0,1,1,1,1,0,1,1,0,2,1,1,1,0,0,1,0,1,0,0,0,0,0,1,0,0,0,0,1,0,0,0,1,0,1,0,0,0,0,1,1,0,0,0,0,1,0,0,0,1,0,1,1,0,0,1,1,1,0,0,0,2,0,1,0,0,0,1,0,0,0,0,0,0,0,0,1,0,0,1,0,1,0,1,0,0,0,1,1,1,0,1,1,0,1,1,1,0,0,0,1,0,1,0,0,0,0,0,1,0,1,0,0,1,0,0,0,0,0,0,0,1,0,0,2,0,0,0,0,0,0,0,0,0,2,0,0,0,0,0,1,0,0,1,0,0,0,1,0,0,1,0,0,0,1,1,1,0,1,1,1,1,0,1,0,1,0,1,0,0,1,0,0,1,0,0,0,0,1,1,1,1,0,0,1,0,0,0,0,0,0,0,0,2,0,1,0,0,0,0,0,0,0,1,0,0,0,0,1,0,0,1,0,0,1,0,0,1,0,1,1,1,0,0,0,1,1,2,2,1,1,2,0,1,2,1,1,0,1,1,0,0,1,1,2,2,0,1,2,2,1,2,0,1,0,1,0,1,2,2,0,0,2,1,0,0,1,1,1,1,0,0,0,1,1,0,0,2,0,0,1,2,1,1,0,1,1,1,2,0,0,0,2,1,0,1,0,0,1,1,1,0,0,2,1,1,2,0,2,1,0,1,1,1,0,1,0,1,0,1,1,1,0,1,2,2,1,1,2,1,1,1
22:42121632:C>G,CYP2D6,22,42121632,C,G,0.3959016393442623,1,2,2,2,1,1,0,2,2,1,1,2,0,1,2,2,2,2,1,1,1,1,2,1,1,0,2,1,2,1,2,2,2,2,0,0,1,2,1,2,1,0,0,2,2,2,1,2,1,2,2,1,1,1,1,2,2,2,2,1,1,2,2,1,2,1,2,1,1,2,2,1,2,2,1,2,1,2,2,1,2,1,1,1,1,2,1,1,2,2,1,1,1,2,1,1,2,1,1,0,1,2,2,2,1,1,2,1,2,2,1,1,0,1,0,2,1,2,1,0,0,1,1,1,0,1,0,1,1,0,1,2,1,2,2,0,2,1,1,1,2,0,1,0,2,0,1,0,2,0,1,1,1,2,2,1,1,1,1,1,1,2,1,2,1,1,2,2,2,1,1,1,1,1,2,1,2,2,1,1,2,1,2,2,2,1,2,1,0,0,0,2,1,0,2,2,2,0,0,0,1,0,1,1,2,0,1,1,1,0,1,2,2,1,2,0,1,2,1,1,2,1,2,1,2,1,1,1,1,1,0,1,0,1,1,2,0,0,1,1,1,0,2,1,1,1,2,2,1,1,0,0,0,1,1,1,1,0,1,0,1,1,1,1,2,2,0,0,0,1,2,2,0,1,1,1,1,0,0,1,2,1,2,1,1,1,1,2,2,1,1,0,0,2,1,2,0,0,1,2,2,2,2,2,1,1,2,1,1,2,2,2,2,2,2,2,2,1,2,1,2,1,2,2,2,0,1,2,2,2,1,0,2,2,2,1,1,0,2,2,2,2,2,1,1,1,1,2,2,1,1,0,1,2,2,2,2,1,2,2,2,2,1,0,1,2,2,2,2,1,2,1,1,2,2,2,2,1,2,1,2,2,2,0,1,1,2,1,1,1,1,2,2,1,1,2,2,2,1,2,1,1,2,0,2,0,0,1,2,1,1,1,2,1,2,2,1,0,2,2,1,1,1,1,1,1,1,1,2,1,1,1,1,1,1,1,2,2,1,2,1,1,0,2,2,2,1,0,1,1,0,1,0,1,1,0,1,1,1,2,1,0,1,0,0,0,0,1,1,0,1,2,0,2,2,0,1,0,2,0,1,1,2,1,1,0,2,1,2,1,2,0,1,1,2,1,1,1,2,1,1,1,1,1,2,2,2,2,1,2,1,1,2,2,1,0,1,1,1,1,1,1,2,2,0,2,2,2,1,2,0,1,0,1,1,1,2,2,1,0,2,1,1,1,2,2,1,2,1,1,0,1,1,0,0,2,1,0,2,2,1,1,0,1,2,1,2,1,0,1,2,1,0,1,0,0,1,1,1,0,1,2,1,1,2,1,2,1,0,1,2,1,1,1,0,1,1,1,1,1,1,2,2,2,2,2,2,1,1,1
22:42121685:A>G,CYP2D6,22,42121685,A,G,0.260655737704918,0,0,1,1,0,1,0,1,1,0,1,0,0,1,0,2,0,1,0,0,1,0,0,0,0,0,1,1,0,0,0,0,1,0,0,0,0,0,0,0,0,0,0,1,0,0,0,1,0,0,0,0,1,0,0,1,0,0,0,0,0,0,0,0,2,0,0,0,0,0,0,0,2,0,0,0,1,0,1,0,0,0,0,0,0,0,0,1,0,1,0,1,0,0,0,0,0,0,0,0,0,0,1,0,0,0,1,1,1,2,0,1,0,0,0,1,0,0,0,0,0,0,0,1,0,1,0,1,0,0,0,2,0,0,1,0,1,1,1,0,2,0,0,0,1,0,1,0,2,0,0,1,0,1,1,0,1,0,1,0,0,1,0,1,0,1,2,0,1,1,1,0,0,0,2,1,0,1,1,0,2,1,2,2,2,1,1,1,0,0,0,1,0,0,0,0,1,0,0,0,1,0,1,1,2,0,1,0,1,0,1,2,1,1,2,0,1,2,1,1,1,1,1,1,1,1,1,0,1,0,0,1,0,1,1,1,0,0,1,0,1,0,2,1,0,1,2,2,1,0,0,0,0,1,1,1,1,0,0,0,1,1,0,1,2,2,0,0,0,1,2,0,0,0,0,0,1,0,0,1,1,1,1,0,1,1,0,2,1,1,1,0,0,1,0,1,0,0,0,0,0,1,0,0,0,0,1,0,0,0,1,0,1,0,0,0,0,1,1,0,0,0,0,1,0,0,0,1,0,1,1,0,0,1,1,1,0,0,0,2,0,1,0,0,0,1,0,0,0,0,0,0,0,0,1,0,0,1,0,1,0,1,0,0,0,1,1,1,0,1,1,0,1,1,1,0,0,0,1,0,1,0,0,0,0,0,1,0,1,0,0,1,0,0,0,0,0,0,0,1,0,0,2,0,0,0,0,0,0,0,0,0,2,0,0,0,0,0,1,0,0,1,0,0,0,1,0,0,1,0,0,0,1,1,1,0,1,1,1,1,0,1,0,1,0,1,0,0,1,0,0,1,0,0,0,0,1,1,1,1,0,0,1,0,0,0,0,0,0,0,0,2,0,1,0,0,0,0,0,0,0,1,0,0,0,0,1,0,0,1,0,0,1,0,0,1,0,1,1,1,0,0,0,1,1,2,2,1,1,2,0,1,2,1,1,0,1,1,0,0,1,1,2,2,0,1,2,2,1,2,0,1,0,1,0,1,2,2,0,0,2,1,0,0,1,1,1,1,0,0,0,1,1,0,0,2,0,0,1,2,1,1,0,1,1,1,2,0,0,0,2,1,0,1,0,0,1,1,1,0,0,2,1,1,2,0,2,1,0,1,1,1,0,1,0,1,0,1,1,1,0,1,2,2,1,1,2,1,1,1
22:42121918:T>A,CYP2D6,22,42121918,T,A,0.3434426229508197,1,2,1,1,1,0,0,1,1,1,0,2,0,0,2,0,2,1,1,1,0,1,2,1,1,0,1,0,2,1,2,2,1,2,0,0,1,2,1,2,1,0,0,1,2,2,1,1,1,2,2,1,0,1,1,1,2,2,2,1,1,2,2,1,0,1,2,1,1,2,2,1,0,2,1,2,0,2,1,1,2,1,1,1,1,2,1,0,2,1,1,0,1,2,1,1,2,1,1,0,1,2,1,2,1,1,1,0,1,0,1,0,0,1,0,1,1,2,1,0,0,1,1,0,0,0,0,0,1,0,1,0,1,2,1,0,1,0,0,1,0,0,1,0,1,0,0,0,0,0,1,0,1,1,1,1,0,1,0,1,1,1,1,1,1,0,0,2,1,0,0,1,1,1,0,0,2,1,0,1,0,0,0,0,0,0,1,0,0,0,0,1,1,0,2,2,1,0,0,0,0,0,0,0,0,0,0,1,0,0,0,0,1,0,0,0,0,0,0,0,1,0,1,0,1,0,0,1,0,1,0,0,0,0,0,1,0,0,0,1,0,0,0,0,1,0,0,0,0,1,0,0,0,0,0,0,0,0,1,0,0,0,1,0,0,0,0,0,0,0,0,2,0,1,1,1,0,0,0,0,1,0,1,1,0,0,1,0,1,0,0,0,0,1,1,1,0,0,1,2,2,1,2,2,1,1,1,1,1,2,1,2,1,2,2,2,2,0,1,1,2,1,2,1,2,0,1,1,2,1,0,0,2,1,1,0,1,0,2,0,2,1,2,1,1,0,1,2,2,1,1,0,1,2,1,2,2,0,2,1,2,1,1,0,1,1,1,1,2,0,1,1,0,1,1,2,2,1,1,1,1,2,2,0,1,1,1,1,0,1,1,1,2,1,1,2,2,2,1,1,1,1,0,0,2,0,0,1,2,1,1,1,0,1,2,2,1,0,1,2,1,0,1,1,1,0,1,1,1,1,1,1,0,0,0,1,1,1,0,1,1,0,0,1,2,1,1,0,0,1,0,0,0,1,1,0,0,0,0,1,1,0,0,0,0,0,0,1,1,0,1,0,0,1,2,0,1,0,2,0,1,0,2,1,1,0,1,1,2,0,2,0,0,1,2,0,1,0,1,0,1,1,1,0,1,0,0,1,0,0,1,0,0,1,0,0,0,0,1,1,0,0,0,0,0,1,0,0,0,0,0,0,0,0,1,0,0,0,1,0,0,0,1,1,1,1,0,1,1,1,0,0,0,0,0,0,1,0,1,0,0,0,0,0,1,0,0,1,0,1,0,0,0,0,0,0,0,0,0,0,1,0,0,0,0,1,0,0,0,0,1,0,1,0,0,0,1,0,0,0,1,1,0,0,1,1,0,0,0,0
22:42121985:C>G,CYP2D6,22,42121985,C,G,0.39672131147540984,1,2,2,2,1,1,0,2,2,1,1,2,0,1,2,2,2,2,1,1,1,1,2,1,1,0,2,1,2,1,2,2,2,2,0,0,1,2,1,2,1,0,0,2,2,2,1,2,1,2,2,1,1,1,1,2,2,2,2,1,1,2,2,1,2,1,2,1,1,2,2,1,2,2,1,2,1,2,2,1,2,1,1,1,1,2,1,1,2,2,1,1,1,2,1,1,2,1,1,0,1,2,2,2,1,1,2,1,2,2,1,1,0,1,0,2,1,2,1,0,0,1,1,1,0,1,0,1,1,0,1,2,1,2,2,0,2,1,1,1,2,0,1,0,2,0,1,0,2,0,1,1,1,2,2,1,1,1,1,1,1,2,1,2,1,1,2,2,2,1,1,1,1,1,2,1,2,2,1,1,2,1,2,2,2,1,2,1,0,0,0,2,1,0,2,2,2,0,0,0,1,0,1,1,2,0,1,1,1,0,1,2,2,1,2,0,1,2,1,1,2,1,2,1,2,1,1,1,1,1,0,1,0,1,1,2,0,0,1,1,1,0,2,1,1,1,2,2,1,1,0,0,0,1,1,1,1,0,1,0,1,1,1,1,2,2,0,0,0,1,2,2,0,1,1,1,1,0,0,1,2,1,2,1,1,1,1,2,2,1,1,0,0,2,1,2,0,0,1,2,2,2,2,2,1,1,2,1,1,2,2,2,2,2,2,2,2,1,2,1,2,1,2,2,2,0,1,2,2,2,1,0,2,2,2,1,1,0,2,2,2,2,2,1,1,1,1,2,2,1,1,0,1,2,2,2,2,1,2,2,2,2,1,0,1,2,2,2,2,1,2,1,1,2,1,2,2,1,2,1,2,2,2,0,1,1,2,1,1,1,1,2,2,1,1,2,2,2,1,2,1,1,2,0,2,0,0,1,2,1,1,1,2,1,2,2,1,0,2,2,1,1,1,1,1,1,1,1,2,1,1,1,1,1,1,1,2,2,1,2,1,1,0,2,2,2,1,0,1,1,0,1,0,1,1,0,1,1,1,2,1,0,1,0,0,0,0,1,1,0,1,2,0,2,2,0,1,0,2,0,1,1,2,1,1,0,2,1,2,1,2,0,1,1,2,1,1,1,2,1,1,1,1,1,2,2,2,2,1,2,1,1,2,2,1,0,1,1,1,1,1,1,2,2,0,2,2,2,1,2,0,1,0,1,1,1,2,2,1,0,2,1,1,1,2,2,1,2,1,1,0,1,1,0,0,2,1,0,2,2,1,1,0,1,2,1,2,1,0,1,2,1,0,1,0,0,1,1,1,0,1,2,1,1,2,1,2,1,0,1,2,1,1,1,0,1,1,1,1,1,1,2,2,2,2,2,2,1,1,1
22:42122378:A>G,CYP2D6,22,42122378,A,G,0.3909836065573771,1,2,2,2,1,1,0,2,2,1,1,2,0,1,2,2,2,2,1,1,1,1,2,1,1,0,2,1,2,1,2,2,2,2,0,0,1,2,1,2,1,0,0,2,2,2,1,2,1,2,2,1,1,1,1,2,2,2,2,1,1,2,2,2,2,1,2,1,1,2,2,1,2,2,1,2,1,2,2,1,2,1,1,1,1,2,2,1,2,2,1,1,1,2,1,1,2,1,1,0,1,2,2,2,1,1,2,1,2,2,1,1,0,1,0,2,1,2,1,0,0,1,1,1,0,1,0,1,1,0,1,2,1,2,2,0,2,1,1,1,2,0,1,0,2,0,1,0,2,0,1,1,1,2,2,1,1,1,1,1,1,2,1,2,1,1,2,2,2,1,1,1,1,1,2,1,2,2,1,1,2,1,2,2,2,1,2,1,0,0,0,2,1,0,2,2,2,0,0,0,1,0,1,1,2,0,1,1,1,0,1,2,2,1,2,0,1,2,1,1,2,1,2,1,2,1,1,1,1,1,0,1,0,1,1,2,0,0,1,1,1,0,2,1,1,1,2,2,1,1,0,0,0,1,1,1,1,0,1,0,1,1,1,1,2,2,0,0,0,1,2,2,0,1,1,1,1,0,0,1,2,1,2,1,1,1,1,2,2,1,1,0,0,2,1,2,0,0,1,2,2,2,2,2,1,1,2,1,1,2,2,2,2,2,2,2,2,1,2,1,2,1,2,2,2,0,1,2,2,2,1,0,2,2,2,1,1,0,2,2,2,2,2,1,1,1,1,2,2,1,1,0,1,2,2,2,2,1,2,2,2,2,1,0,1,2,2,2,2,1,2,1,1,2,2,2,2,1,2,1,2,2,2,0,1,1,2,1,1,1,1,2,2,1,1,2,2,2,1,2,1,1,2,0,2,0,0,1,2,1,1,1,2,1,2,2,1,0,2,2,1,1,1,1,1,1,1,1,2,1,1,1,1,1,2,1,2,2,1,2,1,1,0,2,2,2,1,0,1,1,0,1,0,2,1,0,1,1,2,2,1,0,1,0,0,0,0,1,1,0,1,2,0,2,2,0,1,0,2,0,1,1,2,1,1,0,2,1,2,1,2,0,1,1,2,1,1,1,2,1,2,1,1,1,2,2,2,2,1,2,1,1,2,2,1,0,1,1,1,1,1,1,2,2,0,2,2,2,1,2,0,1,0,1,1,1,2,2,1,0,2,1,1,1,2,2,1,2,1,1,0,1,1,0,0,2,1,0,2,2,1,1,0,1,2,1,2,1,0,1,2,1,0,1,0,0,1,1,1,0,1,2,1,1,2,1,2,1,0,1,2,1,1,1,0,1,1,1,1,1,1,2,2,2,2,2,2,1,1,1
22:42122422:G>A,CYP2D6,22,42122422,G,A,0.260655737704918,0,0,1,1,0,1,0,1,1,0,1,0,0,1,0,2,0,1,0,0,1,0,0,0,0,0,1,1,0,0,0,0,1,0,0,0,0,0,0,0,0,0,0,1,0,0,0,1,0,0,0,0,1,0,0,1,0,0,0,0,0,0,0,0,2,0,0,0,0,0,0,0,2,0,0,0,1,0,1,0,0,0,0,0,0,0,0,1,0,1,0,1,0,0,0,0,0,0,0,0,0,0,1,0,0,0,1,1,1,2,0,1,0,0,0,1,0,0,0,0,0,0,0,1,0,1,0,1,0,0,0,2,0,0,1,0,1,1,1,0,2,0,0,0,1,0,1,0,2,0,0,1,0,1,1,0,1,0,1,0,0,1,0,1,0,1,2,0,1,1,1,0,0,0,2,1,0,1,1,0,2,1,2,2,2,1,1,1,0,0,0,1,0,0,0,0,1,0,0,0,1,0,1,1,2,0,1,0,1,0,1,2,1,1,2,0,1,2,1,1,1,1,1,1,1,1,1,0,1,0,0,1,0,1,1,1,0,0,1,0,1,0,2,1,0,1,2,2,1,0,0,0,0,1,1,1,1,0,0,0,1,1,0,1,2,2,0,0,0,1,2,0,0,0,0,0,1,0,0,1,1,1,1,0,1,1,0,2,1,1,1,0,0,1,0,1,0,0,0,0,0,1,0,0,0,0,1,0,0,0,1,0,1,0,0,0,0,1,1,0,0,0,0,1,0,0,0,1,0,1,1,0,0,1,1,1,0,0,0,2,0,1,0,0,0,1,0,0,0,0,0,0,0,0,1,0,0,1,0,1,0,1,0,0,0,1,1,1,0,1,1,0,1,1,1,0,0,0,1,0,1,0,0,0,0,0,1,0,1,0,0,1,0,0,0,0,0,0,0,1,0,0,2,0,0,0,0,0,0,0,0,0,2,0,0,0,0,0,1,0,0,1,0,0,0,1,0,0,1,0,0,0,1,1,1,0,1,1,1,1,0,1,0,1,0,1,0,0,1,0,0,1,0,0,0,0,1,1,1,1,0,0,1,0,0,0,0,0,0,0,0,2,0,1,0,0,0,0,0,0,0,1,0,0,0,0,1,0,0,1,0,0,1,0,0,1,0,1,1,1,0,0,0,1,1,2,2,1,1,2,0,1,2,1,1,0,1,1,0,0,1,1,2,2,0,1,2,2,1,2,0,1,0,1,0,1,2,2,0,0,2,1,0,0,1,1,1,1,0,0,0,1,1,0,0,2,0,0,1,2,1,1,0,1,1,1,2,0,0,0,2,1,0,1,0,0,1,1,1,0,0,2,1,1,2,0,2,1,0,1,1,1,0,1,0,1,0,1,1,1,0,1,2,2,1,1,2,1,1,1
22:42123211:T>C,CYP2D6,22,42123211,T,C,0.23770491803278687,0,0,1,1,0,1,0,1,1,0,1,0,0,1,0,2,0,1,0,0,1,0,0,0,0,0,1,1,0,0,0,0,1,0,0,0,0,0,0,0,0,0,0,1,0,0,0,1,0,0,0,0,1,0,0,1,0,0,0,0,0,0,0,0,2,0,0,0,0,0,0,0,2,0,0,0,1,0,1,0,0,0,0,0,0,0,0,1,0,1,0,1,0,0,0,0,0,0,0,0,0,0,0,0,0,0,1,0,1,2,0,1,0,0,0,1,0,0,0,0,0,0,0,0,0,0,0,1,0,0,0,2,0,0,1,0,1,1,0,0,2,0,0,0,0,0,1,0,2,0,0,0,0,1,1,0,1,0,1,0,0,0,0,1,0,1,2,0,1,1,1,0,0,0,2,1,0,1,1,0,2,1,2,2,2,1,1,1,0,0,0,1,0,0,0,0,1,0,0,0,1,0,1,1,2,0,1,0,1,0,1,2,1,1,2,0,0,2,1,1,1,1,1,1,0,1,1,0,1,0,0,1,0,1,1,0,0,0,0,0,1,0,2,1,0,1,2,2,1,0,0,0,0,1,1,1,1,0,0,0,0,1,0,1,2,2,0,0,0,1,2,0,0,0,0,0,1,0,0,1,1,1,1,0,1,1,0,2,1,1,1,0,0,1,0,1,0,0,0,0,0,1,0,0,0,0,1,0,0,0,1,0,1,0,0,0,0,1,1,0,0,0,0,1,0,0,0,1,0,1,1,0,0,1,1,1,0,0,0,2,0,1,0,0,0,1,0,0,0,0,0,0,0,0,1,0,0,1,0,1,0,1,0,0,0,1,1,1,0,1,1,0,1,1,1,0,0,0,1,0,1,0,0,0,0,0,1,0,1,0,0,0,0,0,0,0,0,0,0,1,0,0,2,0,0,0,0,0,0,0,0,0,2,0,0,0,0,0,0,0,0,1,0,0,0,1,0,0,1,0,0,0,0,1,1,0,1,1,1,1,0,1,0,1,0,0,0,0,1,0,0,1,0,0,0,0,1,0,1,1,0,0,1,0,0,0,0,0,0,0,0,2,0,0,0,0,0,0,0,0,0,1,0,0,0,0,1,0,0,1,0,0,1,0,0,1,0,0,1,1,0,0,0,1,1,2,2,1,1,2,0,1,2,1,1,0,0,1,0,0,1,0,2,2,0,1,2,2,1,2,0,1,0,1,0,1,2,2,0,0,2,1,0,0,1,1,1,1,0,0,0,0,1,0,0,2,0,0,1,2,1,1,0,0,1,1,2,0,0,0,2,1,0,1,0,0,1,1,1,0,0,2,0,1,2,0,2,1,0,1,1,1,0,1,0,1,0,1,1,0,0,1,2,2,0,1,2,1,1,0
22:42123219:C>T,CYP2D6,22,42123219,C,T,0.23688524590163934,0,0,1,1,0,1,0,1,1,0,1,0,0,1,0,2,0,1,0,0,1,0,0,0,0,0,1,1,0,0,0,0,1,0,0,0,0,0,0,0,0,0,0,1,0,0,0,1,0,0,0,0,1,0,0,1,0,0,0,0,0,0,0,0,2,0,0,0,0,0,0,0,2,0,0,0,1,0,1,0,0,0,0,0,0,0,0,1,0,1,0,1,0,0,0,0,0,0,0,0,0,0,0,0,0,0,1,0,1,2,0,1,0,0,0,1,0,0,0,0,0,0,0,0,0,0,0,1,0,0,0,2,0,0,1,0,1,1,0,0,2,0,0,0,0,0,1,0,2,0,0,0,0,1,1,0,1,0,1,0,0,0,0,1,0,1,2,0,1,1,1,0,0,0,2,1,0,1,1,0,2,1,2,2,2,1,1,1,0,0,0,1,0,0,0,0,1,0,0,0,1,0,1,1,2,0,0,0,1,0,1,2,1,1,2,0,0,2,1,1,1,1,1,1,0,1,1,0,1,0,0,1,0,1,1,0,0,0,0,0,1,0,2,1,0,1,2,2,1,0,0,0,0,1,1,1,1,0,0,0,0,1,0,1,2,2,0,0,0,1,2,0,0,0,0,0,1,0,0,1,1,1,1,0,1,1,0,2,1,1,1,0,0,1,0,1,0,0,0,0,0,1,0,0,0,0,1,0,0,0,1,0,1,0,0,0,0,1,1,0,0,0,0,1,0,0,0,1,0,1,1,0,0,1,1,1,0,0,0,2,0,1,0,0,0,1,0,0,0,0,0,0,0,0,1,0,0,1,0,1,0,1,0,0,0,1,1,1,0,1,1,0,1,1,1,0,0,0,1,0,1,0,0,0,0,0,1,0,1,0,0,0,0,0,0,0,0,0,0,1,0,0,2,0,0,0,0,0,0,0,0,0,2,0,0,0,0,0,0,0,0,1,0,0,0,1,0,0,1,0,0,0,0,1,1,0,1,1,1,1,0,1,0,1,0,0,0,0,1,0,0,1,0,0,0,0,1,0,1,1,0,0,1,0,0,0,0,0,0,0,0,2,0,0,0,0,0,0,0,0,0,1,0,0,0,0,1,0,0,1,0,0,1,0,0,1,0,0,1,1,0,0,0,1,1,2,2,1,1,2,0,1,2,1,1,0,0,1,0,0,1,0,2,2,0,1,2,2,1,2,0,1,0,1,0,1,2,2,0,0,2,1,0,0,1,1,1,1,0,0,0,0,1,0,0,2,0,0,1,2,1,1,0,0,1,1,2,0,0,0,2,1,0,1,0,0,1,1,1,0,0,2,0,1,2,0,2,1,0,1,1,1,0,1,0,1,0,1,1,0,0,1,2,2,0,1,2,1,1,0
22:42123226:C>T,CYP2D6,22,42123226,C,T,0.2360655737704918,0,0,1,1,0,1,0,1,1,0,1,0,0,1,0,2,0,1,0,0,1,0,0,0,0,0,1,1,0,0,0,0,1,0,0,0,0,0,0,0,0,0,0,1,0,0,0,1,0,0,0,0,1,0,0,1,0,0,0,0,0,0,0,0,2,0,0,0,0,0,0,0,2,0,0,0,1,0,1,0,0,0,0,0,0,0,0,1,0,1,0,1,0,0,0,0,0,0,0,0,0,0,0,0,0,0,1,0,1,2,0,1,0,0,0,1,0,0,0,0,0,0,0,0,0,0,0,1,0,0,0,2,0,0,1,0,1,1,0,0,2,0,0,0,0,0,1,0,2,0,0,0,0,1,1,0,1,0,1,0,0,0,0,1,0,1,2,0,1,1,1,0,0,0,2,1,0,1,1,0,2,1,2,2,2,1,1,1,0,0,0,1,0,0,0,0,1,0,0,0,1,0,1,1,2,0,0,0,1,0,1,2,1,1,2,0,0,2,1,1,1,1,1,1,0,1,1,0,1,0,0,1,0,1,1,0,0,0,0,0,1,0,2,1,0,1,2,2,1,0,0,0,0,1,1,1,1,0,0,0,0,1,0,1,2,2,0,0,0,1,2,0,0,0,0,0,1,0,0,1,1,1,1,0,1,1,0,2,1,1,1,0,0,1,0,1,0,0,0,0,0,1,0,0,0,0,1,0,0,0,1,0,1,0,0,0,0,1,1,0,0,0,0,1,0,0,0,1,0,1,1,0,0,1,1,1,0,0,0,2,0,1,0,0,0,1,0,0,0,0,0,0,0,0,1,0,0,1,0,1,0,1,0,0,0,1,1,1,0,1,1,0,1,1,1,0,0,0,1,0,1,0,0,0,0,0,1,0,1,0,0,0,0,0,0,0,0,0,0,1,0,0,2,0,0,0,0,0,0,0,0,0,2,0,0,0,0,0,0,0,0,1,0,0,0,1,0,0,1,0,0,0,0,1,1,0,1,1,1,1,0,1,0,1,0,0,0,0,1,0,0,1,0,0,0,0,1,0,1,1,0,0,1,0,0,0,0,0,0,0,0,2,0,0,0,0,0,0,0,0,0,1,0,0,0,0,1,0,0,1,0,0,1,0,0,1,0,0,1,1,0,0,0,1,1,2,2,1,1,2,0,1,2,1,1,0,0,1,0,0,1,0,2,2,0,1,2,2,1,2,0,1,0,1,0,1,2,2,0,0,2,1,0,0,1,1,1,1,0,0,0,0,1,0,0,2,0,0,1,2,1,0,0,0,1,1,2,0,0,0,2,1,0,1,0,0,1,1,1,0,0,2,0,1,2,0,2,1,0,1,1,1,0,1,0,1,0,1,1,0,0,1,2,2,0,1,2,1,1,0
22:42123236:T>C,CYP2D6,22,42123236,T,C,0.2155737704918033,0,0,1,1,0,1,0,0,1,0,1,0,0,1,0,2,0,1,0,0,0,0,0,0,0,0,1,1,0,0,0,0,1,0,0,0,0,0,0,0,0,0,0,1,0,0,0,0,0,0,0,0,1,0,0,0,0,0,0,0,0,0,0,0,2,0,0,0,0,0,0,0,2,0,0,0,1,0,1,0,0,0,0,0,0,0,0,1,0,1,0,1,0,0,0,0,0,0,0,0,0,0,0,0,0,0,1,0,1,2,0,1,0,0,0,1,0,0,0,0,0,0,0,0,0,0,0,1,0,0,0,2,0,0,1,0,1,1,0,0,2,0,0,0,0,0,1,0,2,0,0,0,0,1,1,0,0,0,1,0,0,0,0,1,0,1,2,0,1,1,1,0,0,0,2,1,0,1,1,0,1,1,2,2,2,1,1,1,0,0,0,1,0,0,0,0,0,0,0,0,1,0,0,1,2,0,0,0,1,0,1,2,1,1,2,0,0,2,1,1,1,1,1,1,0,1,1,0,1,0,0,1,0,1,1,0,0,0,0,0,1,0,2,1,0,1,2,2,1,0,0,0,0,1,1,1,1,0,0,0,0,1,0,1,2,2,0,0,0,1,2,0,0,0,0,0,1,0,0,1,1,1,1,0,1,1,0,2,1,1,1,0,0,1,0,1,0,0,0,0,0,1,0,0,0,0,1,0,0,0,1,0,0,0,0,0,0,1,0,0,0,0,0,1,0,0,0,1,0,1,0,0,0,1,1,0,0,0,0,2,0,1,0,0,0,1,0,0,0,0,0,0,0,0,0,0,0,1,0,1,0,1,0,0,0,1,1,1,0,1,1,0,1,0,0,0,0,0,1,0,1,0,0,0,0,0,1,0,1,0,0,0,0,0,0,0,0,0,0,0,0,0,2,0,0,0,0,0,0,0,0,0,2,0,0,0,0,0,0,0,0,1,0,0,0,1,0,0,1,0,0,0,0,1,1,0,1,1,1,1,0,1,0,0,0,0,0,0,0,0,0,1,0,0,0,0,1,0,0,1,0,0,1,0,0,0,0,0,0,0,0,2,0,0,0,0,0,0,0,0,0,0,0,0,0,0,0,0,0,1,0,0,1,0,0,1,0,0,1,0,0,0,0,1,1,2,2,1,1,2,0,1,2,1,1,0,0,1,0,0,1,0,2,2,0,1,2,2,1,2,0,1,0,1,0,1,2,2,0,0,2,1,0,0,1,1,1,1,0,0,0,0,0,0,0,2,0,0,1,2,1,0,0,0,1,1,2,0,0,0,2,0,0,1,0,0,1,1,1,0,0,2,0,1,2,0,2,1,0,1,1,1,0,1,0,1,0,1,0,0,0,1,2,2,0,1,2,1,1,0
22:42138117:T>G,CYP2D6,22,42138117,T,G,0.2614754098360656,0,0,1,1,0,1,0,1,1,0,1,0,0,1,0,2,0,1,0,0,1,0,0,0,0,0,1,1,0,1,0,0,1,0,0,0,0,0,0,0,0,0,0,1,0,0,0,1,0,0,0,0,1,0,0,1,0,0,0,0,0,0,0,0,2,0,0,0,0,0,0,0,2,0,0,0,1,0,1,0,0,0,0,0,0,0,0,1,0,1,0,1,0,0,0,0,0,0,0,0,0,0,1,0,0,0,1,1,1,2,0,1,0,0,0,1,0,0,0,0,0,0,0,1,0,1,0,1,0,0,0,2,0,0,1,0,1,1,1,0,2,0,0,0,1,0,1,0,2,1,0,1,0,1,1,0,1,0,0,0,0,1,0,1,0,1,2,0,1,1,1,0,0,0,2,1,0,1,1,0,2,1,2,2,2,1,1,1,0,0,0,1,0,0,0,0,1,0,0,0,1,1,1,1,2,0,1,0,1,0,1,2,1,1,2,0,1,2,1,1,1,1,1,1,1,1,1,0,1,0,0,1,0,1,1,1,0,0,1,0,1,0,2,1,0,1,2,2,1,0,0,0,0,1,1,1,1,0,0,0,1,1,0,1,2,2,0,0,0,1,2,0,0,0,0,0,0,0,0,1,1,1,1,0,1,1,0,2,1,1,1,0,0,1,0,1,0,0,0,0,0,1,0,0,0,0,1,0,0,0,1,0,1,0,0,0,0,1,1,0,0,0,0,1,0,0,0,1,0,1,1,0,0,1,1,1,0,0,0,2,0,1,0,0,0,1,0,0,0,0,0,0,0,0,1,0,0,1,0,1,0,1,0,0,0,1,1,1,0,1,1,0,1,1,1,0,0,0,1,0,1,0,0,0,0,0,1,0,1,0,0,1,0,0,0,0,0,0,0,1,0,0,2,0,0,0,0,0,0,0,0,0,2,0,0,0,0,0,1,0,0,1,0,0,0,1,0,0,1,0,0,0,1,1,1,0,1,1,1,1,0,1,0,1,0,1,0,0,1,0,0,1,0,0,0,0,1,1,1,1,0,0,1,0,0,0,0,0,0,0,0,2,0,1,0,0,0,0,0,0,0,1,0,0,0,0,1,0,0,1,0,0,1,0,0,1,0,1,1,1,0,0,0,1,1,2,2,1,1,2,0,1,2,1,1,0,1,1,0,0,1,1,2,2,0,1,2,2,1,2,0,1,0,1,0,1,2,2,0,0,2,1,0,0,1,1,1,1,0,0,0,1,1,0,0,2,0,0,1,2,1,1,0,1,1,1,2,0,0,0,2,1,0,1,0,0,1,1,1,0,0,2,1,1,2,0,2,1,0,1,1,1,0,1,0,1,0,1,1,1,0,1,2,2,1,1,2,1,1,1
22:42138139:T>C,CYP2D6,22,42138139,T,C,0.3950819672131147,1,2,2,2,1,1,0,2,2,1,1,2,0,1,2,2,2,2,1,1,1,1,2,1,1,0,2,1,2,2,2,2,2,2,0,0,1,2,1,2,1,0,0,2,2,2,1,2,1,2,2,1,1,1,1,2,2,2,2,1,1,2,2,1,2,1,2,1,1,2,2,1,2,2,1,2,1,2,2,1,2,1,1,1,1,2,1,1,2,2,1,1,1,2,1,1,2,1,1,0,1,2,2,2,1,1,2,1,2,2,1,1,0,1,0,2,1,2,1,0,0,1,1,1,0,1,0,1,1,0,1,2,1,2,2,0,2,1,1,1,2,0,1,0,2,0,1,0,2,1,1,1,1,2,2,1,1,1,0,1,1,2,1,2,1,1,2,2,2,1,1,1,1,1,2,1,2,2,1,1,2,1,2,2,2,1,2,1,0,0,0,2,1,0,2,2,2,0,0,0,1,1,1,1,2,0,1,1,1,0,1,2,2,1,2,0,1,2,1,1,2,1,2,1,2,1,1,1,1,1,0,1,0,1,1,2,0,0,1,1,1,0,2,1,1,1,2,2,1,1,0,0,0,1,1,1,1,0,1,0,1,1,1,1,2,2,0,0,0,1,2,2,0,1,1,1,0,0,0,1,2,1,2,1,1,1,1,2,2,1,1,0,0,2,1,2,0,0,1,2,2,2,2,2,1,1,2,1,1,2,2,2,2,2,2,2,2,1,2,1,2,1,2,2,2,0,1,2,2,2,1,0,2,2,2,1,1,0,2,2,2,2,2,1,1,1,1,2,2,1,1,0,1,2,2,2,2,1,2,2,2,2,1,0,1,2,2,2,2,1,2,1,1,2,2,2,2,1,2,1,2,2,2,0,1,1,2,1,1,1,1,2,2,1,1,2,2,2,1,2,1,1,2,0,2,0,0,1,2,1,1,1,2,1,2,2,1,0,2,2,1,1,1,1,1,1,1,1,2,1,1,1,1,1,1,1,2,2,1,2,1,1,0,2,2,2,1,0,1,1,0,1,0,1,1,0,1,1,1,2,1,0,1,0,0,0,0,1,1,0,1,2,0,2,2,0,1,0,2,0,1,1,2,1,1,0,2,1,2,1,2,0,1,1,2,1,1,1,2,1,1,1,1,1,2,2,2,2,1,2,1,1,2,2,1,0,1,1,1,1,1,1,2,2,0,2,2,2,1,2,0,1,0,1,1,1,2,2,1,0,2,1,1,1,2,2,1,2,1,1,0,1,1,0,0,2,1,0,2,2,1,1,0,1,2,1,2,1,0,1,2,1,0,1,0,0,1,1,1,0,1,2,1,1,2,1,2,1,0,1,2,1,1,1,0,1,1,1,1,1,1,2,2,2,2,2,2,1,1,1
22:42138267:G>C,CYP2D6,22,42138267,G,C,0.260655737704918,0,0,1,1,0,1,0,1,1,0,1,0,0,1,0,2,0,1,0,0,1,0,0,0,0,0,1,1,0,0,0,0,1,0,0,0,0,0,0,0,0,0,0,1,0,0,0,1,0,0,0,0,1,0,0,1,0,0,0,0,0,0,0,0,2,0,0,0,0,0,0,0,2,0,0,0,1,0,1,0,0,0,0,0,0,0,0,1,0,1,0,1,0,0,0,0,0,0,0,0,0,0,1,0,0,0,1,1,1,2,0,1,0,0,0,1,0,0,0,0,0,0,0,1,0,1,0,1,0,0,0,2,0,0,1,0,1,1,1,0,2,0,0,0,1,0,1,0,2,1,0,1,0,1,1,0,1,0,0,0,0,1,0,1,0,1,2,0,1,1,1,0,0,0,2,1,0,1,1,0,2,1,2,2,2,1,1,1,0,0,0,1,0,0,0,0,1,0,0,0,1,1,1,1,2,0,1,0,1,0,1,2,1,1,2,0,1,2,1,1,1,1,1,1,1,1,1,0,1,0,0,1,0,1,1,1,0,0,1,0,1,0,2,1,0,1,2,2,1,0,0,0,0,1,1,1,1,0,0,0,1,1,0,1,2,2,0,0,0,1,2,0,0,0,0,0,0,0,0,1,1,1,1,0,1,1,0,2,1,1,1,0,0,1,0,1,0,0,0,0,0,1,0,0,0,0,1,0,0,0,1,0,1,0,0,0,0,1,1,0,0,0,0,1,0,0,0,1,0,1,1,0,0,1,1,1,0,0,0,2,0,1,0,0,0,1,0,0,0,0,0,0,0,0,1,0,0,1,0,1,0,1,0,0,0,1,1,1,0,1,1,0,1,1,1,0,0,0,1,0,1,0,0,0,0,0,1,0,1,0,0,1,0,0,0,0,0,0,0,1,0,0,2,0,0,0,0,0,0,0,0,0,2,0,0,0,0,0,1,0,0,1,0,0,0,1,0,0,1,0,0,0,1,1,1,0,1,1,1,1,0,1,0,1,0,1,0,0,1,0,0,1,0,0,0,0,1,1,1,1,0,0,1,0,0,0,0,0,0,0,0,2,0,1,0,0,0,0,0,0,0,1,0,0,0,0,1,0,0,1,0,0,1,0,0,1,0,1,1,1,0,0,0,1,1,2,2,1,1,2,0,1,2,1,1,0,1,1,0,0,1,1,2,2,0,1,2,2,1,2,0,1,0,1,0,1,2,2,0,0,2,1,0,0,1,1,1,1,0,0,0,1,1,0,0,2,0,0,1,2,1,1,0,1,1,1,2,0,0,0,2,1,0,1,0,0,1,1,1,0,0,2,1,1,2,0,2,1,0,1,1,1,0,1,0,1,0,1,1,1,0,1,2,2,1,1,2,1,1,1
22:42138541:T>C,CYP2D6,22,42138541,T,C,0.010655737704918032,0,0,0,0,0,0,0,0,0,0,0,0,0,0,0,0,0,0,0,0,0,0,0,0,0,0,0,0,0,0,0,0,0,0,0,0,0,0,0,0,0,0,0,0,0,0,0,0,0,0,0,0,0,0,0,0,0,0,0,0,0,0,0,0,0,0,0,0,0,0,0,0,0,0,0,0,0,0,0,0,0,0,0,0,0,0,0,0,0,0,0,0,0,0,0,0,0,0,0,0,0,0,0,0,0,0,0,0,0,0,0,0,0,0,0,0,0,0,0,0,0,0,0,0,0,0,0,0,0,0,0,0,0,0,0,0,0,0,0,0,0,0,0,0,0,0,0,0,0,0,0,0,0,1,0,0,0,0,0,0,0,0,0,0,0,0,0,0,0,0,0,0,0,0,1,0,0,0,0,0,0,0,0,0,0,0,0,0,0,0,0,0,0,0,0,0,0,0,0,0,0,0,0,0,0,0,0,0,0,0,0,0,0,0,0,0,0,0,0,0,0,0,0,0,0,0,0,0,0,0,0,0,0,0,0,0,0,0,0,0,0,0,0,0,0,0,0,0,0,0,0,0,0,0,0,0,0,0,0,0,0,0,0,0,0,0,0,0,0,0,0,0,0,0,0,0,0,0,0,0,0,0,0,0,0,0,0,1,0,0,0,0,0,0,0,0,0,0,0,0,0,0,0,0,0,0,0,0,0,0,0,0,0,0,0,0,0,0,0,0,0,0,0,0,0,0,0,0,0,0,0,0,0,0,0,0,0,0,0,0,0,0,0,0,0,1,0,0,0,0,0,0,0,0,0,0,0,0,0,0,0,0,0,0,0,0,0,0,0,0,0,0,0,0,0,0,0,0,0,0,0,0,0,0,0,0,0,0,0,0,0,0,0,0,0,0,0,0,0,0,0,0,0,0,0,0,0,0,0,0,0,0,0,0,0,0,0,0,0,0,0,0,0,0,0,0,0,0,0,0,0,0,0,0,0,0,0,0,0,0,0,0,0,0,0,0,0,0,0,0,0,0,0,0,0,0,0,0,0,0,0,0,0,0,0,0,0,0,0,0,0,0,0,0,0,0,0,0,0,0,0,0,0,0,0,0,0,0,0,0,0,0,0,0,0,0,0,0,0,0,0,0,0,0,1,0,0,0,0,0,0,0,0,0,0,0,0,1,0,0,0,0,0,0,0,0,0,0,0,0,0,0,0,0,0,0,0,0,0,0,1,0,0,0,0,0,0,0,0,0,0,0,0,0,0,1,0,0,0,0,1,0,0,0,0,0,0,0,0,0,1,0,0,0,0,0,0,0,1,0,0,0,0,0,0,0,0,0,0,0,1,1,0,0,0,0,0,0,0,0,0,0,0,0,0,0,0,0,0,0
22:42138591:C>T,CYP2D6,22,42138591,C,T,0.25901639344262295,0,0,1,1,0,1,0,1,1,0,1,0,0,1,0,2,0,1,0,0,1,0,0,0,0,0,1,1,0,0,0,0,1,0,0,0,0,0,0,0,0,0,0,1,0,0,0,1,0,0,0,0,1,0,0,1,0,0,0,0,0,0,0,0,2,0,0,0,0,0,0,0,2,0,0,0,1,0,1,0,0,0,0,0,0,0,0,1,0,1,0,1,0,0,0,0,0,0,0,0,0,0,1,0,0,0,1,1,1,2,0,1,0,0,0,1,0,0,0,0,0,0,0,1,0,1,0,1,0,0,0,2,0,0,1,0,1,1,1,0,2,0,0,0,1,0,1,0,2,1,0,1,0,1,1,0,1,0,0,0,0,1,0,1,0,1,2,0,1,1,1,0,0,0,2,1,0,1,1,0,2,1,2,2,2,1,1,1,0,0,0,1,0,0,0,0,1,0,0,0,1,1,1,1,2,0,1,0,1,0,1,2,1,1,2,0,1,2,1,1,1,1,1,1,1,1,1,0,1,0,0,1,0,1,1,1,0,0,1,0,1,0,2,1,0,1,2,2,1,0,0,0,0,0,1,1,1,0,0,0,1,1,0,1,2,2,0,0,0,1,2,0,0,0,0,0,0,0,0,1,1,1,1,0,1,1,0,2,1,1,1,0,0,1,0,1,0,0,0,0,0,1,0,0,0,0,1,0,0,0,1,0,1,0,0,0,0,1,1,0,0,0,0,1,0,0,0,1,0,1,1,0,0,1,1,1,0,0,0,2,0,1,0,0,0,1,0,0,0,0,0,0,0,0,1,0,0,1,0,1,0,1,0,0,0,1,1,1,0,1,1,0,1,1,1,0,0,0,1,0,1,0,0,0,0,0,1,0,1,0,0,1,0,0,0,0,0,0,0,1,0,0,2,0,0,0,0,0,0,0,0,0,2,0,0,0,0,0,1,0,0,1,0,0,0,1,0,0,1,0,0,0,1,1,1,0,1,1,1,1,0,1,0,1,0,1,0,0,1,0,0,1,0,0,0,0,1,1,1,1,0,0,1,0,0,0,0,0,0,0,0,2,0,1,0,0,0,0,0,0,0,1,0,0,0,0,1,0,0,1,0,0,1,0,0,1,0,1,1,1,0,0,0,1,1,2,2,1,1,2,0,1,2,1,1,0,1,1,0,0,1,1,2,2,0,1,2,2,1,2,0,1,0,1,0,1,2,2,0,0,2,1,0,0,1,1,1,1,0,0,0,1,1,0,0,2,0,0,1,2,1,1,0,1,1,1,2,0,0,0,2,1,0,1,0,0,1,1,1,0,0,2,1,1,2,0,2,1,0,1,1,1,0,1,0,1,0,1,1,1,0,0,2,2,1,1,2,1,1,1
22:42138592:G>A,CYP2D6,22,42138592,G,A,0.3442622950819672,1,2,1,1,1,0,0,1,1,1,0,2,0,0,2,0,2,1,1,1,0,1,2,1,1,0,1,0,2,1,2,2,1,2,0,0,1,2,1,2,1,0,0,1,2,2,1,1,1,2,2,1,0,1,1,1,2,2,2,1,1,2,2,1,0,1,2,1,1,2,2,1,0,2,1,2,0,2,1,1,2,1,1,1,1,2,1,0,2,1,1,0,1,2,1,1,2,1,1,0,1,2,1,2,1,1,1,0,1,0,1,0,0,1,0,1,1,2,1,0,0,1,1,0,0,0,0,0,1,0,1,0,1,2,1,0,1,0,0,1,0,0,1,0,1,0,0,0,0,0,1,0,1,1,1,1,0,1,0,1,1,1,1,1,1,0,0,2,1,0,0,1,1,1,0,0,2,1,0,1,0,0,0,0,0,0,1,0,0,0,0,1,1,0,2,2,1,0,0,0,0,0,0,0,0,0,0,1,0,0,0,0,1,0,0,0,0,0,0,0,1,0,1,0,1,0,0,1,0,1,0,0,0,0,0,1,0,0,0,1,0,0,0,0,1,0,0,0,0,1,0,0,0,0,0,0,0,0,1,0,0,0,1,0,0,0,0,0,0,0,0,2,0,1,1,1,0,0,0,0,1,0,1,1,0,0,1,0,1,0,0,0,0,1,1,1,0,0,1,2,2,1,2,2,1,1,1,1,1,2,1,2,1,2,2,2,2,0,1,1,2,1,2,1,2,0,1,1,2,1,0,0,2,1,1,0,1,0,2,0,2,1,2,1,1,0,1,2,2,1,1,0,1,2,1,2,2,0,2,1,2,1,1,0,1,1,1,1,2,0,1,1,0,1,1,2,2,1,1,1,1,2,2,0,1,1,1,1,0,1,1,1,2,1,1,2,2,2,1,1,1,1,0,0,2,0,0,1,2,1,1,1,0,1,2,2,1,0,1,2,1,0,1,1,1,0,1,1,1,1,1,1,0,0,0,1,1,1,0,1,1,0,0,1,2,1,1,0,0,1,0,0,0,1,1,0,0,0,0,1,1,0,0,0,0,0,0,1,1,0,1,0,0,1,2,0,1,0,2,0,1,0,2,1,1,0,1,1,2,0,2,0,0,1,2,0,1,0,1,0,1,1,1,0,1,0,0,1,0,0,1,0,0,1,0,0,0,0,1,1,0,0,0,0,0,1,0,0,0,0,0,0,0,0,1,0,0,0,1,0,0,0,1,1,1,1,0,1,1,1,0,0,0,0,0,0,1,0,1,0,0,0,0,0,1,0,0,1,0,1,0,0,0,0,0,0,0,0,0,0,1,0,0,0,0,1,0,0,0,0,1,0,1,0,0,0,1,0,0,0,1,2,0,0,1,1,0,0,0,0
22:42138673:C>T,CYP2D6,22,42138673,C,T,0.39672131147540984,1,2,2,2,1,1,0,2,2,1,1,2,0,1,2,2,2,2,1,1,1,1,2,1,1,0,2,1,2,1,2,2,2,2,0,0,1,2,1,2,1,0,0,2,2,2,1,2,1,2,2,1,1,1,1,2,2,2,2,1,1,2,2,1,2,1,2,1,1,2,2,1,2,2,1,2,1,2,2,1,2,1,1,1,1,2,1,1,2,2,1,1,1,2,1,1,2,1,1,0,1,2,2,2,1,1,2,1,2,2,1,1,0,1,0,2,1,2,1,0,0,1,1,1,0,1,0,1,1,0,1,2,1,2,2,0,2,1,1,1,2,0,1,0,2,0,1,0,2,1,1,1,1,2,2,1,1,1,0,1,1,2,1,2,1,1,2,2,2,1,1,1,1,1,2,1,2,2,1,1,2,1,2,2,2,1,2,1,0,0,0,2,1,0,2,2,2,0,0,0,1,1,1,1,2,0,1,1,1,0,1,2,2,1,2,0,1,2,1,1,2,1,2,1,2,1,1,1,1,1,0,1,0,1,1,2,0,0,1,1,1,0,2,1,1,1,2,2,1,1,0,0,0,0,1,1,1,0,1,0,1,1,1,1,2,2,0,0,0,1,2,2,0,1,1,1,0,0,0,1,2,1,2,1,1,1,1,2,2,1,1,0,0,2,1,2,0,0,1,2,2,2,2,2,1,1,2,1,1,2,2,2,2,2,2,2,2,1,2,1,2,1,2,2,2,0,1,2,2,2,1,0,2,2,2,1,1,0,2,2,2,2,2,1,1,1,1,2,2,1,1,0,1,2,2,2,2,1,2,2,2,2,1,0,1,2,2,2,2,1,2,1,1,2,2,2,2,1,2,1,2,2,2,0,1,1,2,1,1,1,1,2,2,1,1,2,2,2,1,2,1,1,2,0,2,0,0,1,2,1,1,1,2,1,2,2,1,0,2,2,1,1,1,1,1,1,1,1,2,1,1,1,1,1,1,1,2,2,1,2,1,1,0,2,2,2,1,0,1,1,0,1,0,1,1,0,1,1,1,2,1,0,1,0,0,0,0,1,1,0,1,2,0,2,2,0,1,0,2,0,1,1,2,1,1,0,2,1,2,1,2,0,1,1,2,1,1,1,2,1,1,1,1,1,2,2,2,2,1,2,1,1,2,2,1,0,1,1,1,1,1,1,2,2,0,2,2,2,1,2,0,1,0,1,1,1,2,2,1,0,2,1,1,1,2,2,1,2,1,1,0,1,1,0,0,2,1,0,2,2,1,1,0,1,2,1,2,1,0,1,2,1,0,1,0,0,1,1,1,0,1,2,1,1,2,1,2,1,0,1,2,1,1,1,0,1,1,1,1,1,1,2,2,2,2,2,2,1,1,1
22:42138789:G>A,CYP2D6,22,42138789,G,A,0.130327868852459,1,1,0,1,1,0,0,1,0,1,0,1,0,0,1,0,1,0,1,1,0,1,1,1,0,0,0,0,1,0,2,0,1,0,0,0,1,0,1,1,0,0,0,0,0,1,0,0,0,1,1,1,0,1,1,0,0,0,1,1,0,1,1,1,0,0,1,1,1,1,0,1,0,0,0,1,0,1,0,0,1,0,1,1,0,0,1,0,1,0,1,0,0,1,1,0,0,0,1,0,0,1,0,0,0,1,0,0,0,0,0,0,0,0,0,0,0,1,0,0,0,0,0,0,0,0,0,0,0,0,0,0,0,0,0,0,0,0,0,0,0,0,0,0,0,0,0,0,0,0,0,0,0,0,1,0,0,0,0,0,0,1,0,0,0,0,0,0,0,0,0,1,0,0,0,0,0,0,0,0,0,0,0,0,0,0,1,0,0,0,0,1,0,0,0,0,0,0,0,0,0,0,0,0,0,0,0,0,0,0,0,0,0,0,0,0,0,0,0,0,0,0,0,0,0,0,0,0,0,0,0,0,0,0,0,0,0,0,0,0,0,0,0,0,0,0,0,0,0,0,0,0,0,0,0,0,0,0,0,0,0,0,0,0,0,0,0,0,0,0,0,0,0,0,0,1,0,0,0,0,0,0,0,0,0,0,0,0,0,0,0,0,0,1,0,0,0,0,0,1,0,0,0,1,0,1,1,1,1,0,0,1,0,0,1,1,1,0,1,1,1,0,1,0,1,0,1,1,1,1,0,0,1,1,1,0,0,0,1,0,1,1,1,1,1,0,0,0,1,1,0,0,0,1,0,1,1,0,1,0,1,1,1,0,1,0,1,0,1,0,1,0,0,1,1,0,1,0,1,1,0,1,1,0,1,1,1,1,0,0,0,0,0,0,1,1,1,1,1,1,0,0,0,0,1,0,0,1,1,1,1,1,0,0,1,0,1,0,1,1,1,0,0,1,1,0,1,1,1,0,0,1,0,0,0,1,0,1,0,1,1,0,0,0,1,1,1,0,0,1,0,0,0,1,1,0,0,0,0,1,0,0,0,0,0,0,0,0,1,0,1,0,0,0,1,0,1,0,1,0,1,0,1,1,1,0,0,0,1,0,1,0,0,1,1,0,0,0,1,0,0,0,1,0,0,0,0,0,0,0,0,0,0,0,0,0,0,0,0,0,0,0,0,0,0,0,0,0,0,0,0,0,0,0,0,0,0,0,0,0,0,0,0,0,0,0,0,0,0,0,0,0,0,0,0,0,0,0,0,0,0,0,0,0,0,0,0,0,0,0,0,0,0,0,0,0,0,0,0,0,0,0,0,0,0,0,0,0,0,0,0,0,0,0,0,0,0,0,0,0,0,0,0,0,0,0,0,0,0,0
22:42138855:C>CTG,CYP2D6,22,42138855,C,CTG,0.39672131147540984,1,2,2,2,1,1,0,2,2,1,1,2,0,1,2,2,2,2,1,1,1,1,2,1,1,0,2,1,2,1,2,2,2,2,0,0,1,2,1,2,1,0,0,2,2,2,1,2,1,2,2,1,1,1,1,2,2,2,2,1,1,2,2,1,2,1,2,1,1,2,2,1,2,2,1,2,1,2,2,1,2,1,1,1,1,2,1,1,2,2,1,1,1,2,1,1,2,1,1,0,1,2,2,2,1,1,2,1,2,2,1,1,0,1,0,2,1,2,1,0,0,1,1,1,0,1,0,1,1,0,1,2,1,2,2,0,2,1,1,1,2,0,1,0,2,0,1,0,2,1,1,1,1,2,2,1,1,1,0,1,1,2,1,2,1,1,2,2,2,1,1,1,1,1,2,1,2,2,1,1,2,1,2,2,2,1,2,1,0,0,0,2,1,0,2,2,2,0,0,0,1,1,1,1,2,0,1,1,1,0,1,2,2,1,2,0,1,2,1,1,2,1,2,1,2,1,1,1,1,1,0,1,0,1,1,2,0,0,1,1,1,0,2,1,1,1,2,2,1,1,0,0,0,0,1,1,1,0,1,0,1,1,1,1,2,2,0,0,0,1,2,2,0,1,1,1,0,0,0,1,2,1,2,1,1,1,1,2,2,1,1,0,0,2,1,2,0,0,1,2,2,2,2,2,1,1,2,1,1,2,2,2,2,2,2,2,2,1,2,1,2,1,2,2,2,0,1,2,2,2,1,0,2,2,2,1,1,0,2,2,2,2,2,1,1,1,1,2,2,1,1,0,1,2,2,2,2,1,2,2,2,2,1,0,1,2,2,2,2,1,2,1,1,2,2,2,2,1,2,1,2,2,2,0,1,1,2,1,1,1,1,2,2,1,1,2,2,2,1,2,1,1,2,0,2,0,0,1,2,1,1,1,2,1,2,2,1,0,2,2,1,1,1,1,1,1,1,1,2,1,1,1,1,1,1,1,2,2,1,2,1,1,0,2,2,2,1,0,1,1,0,1,0,1,1,0,1,1,1,2,1,0,1,0,0,0,0,1,1,0,1,2,0,2,2,0,1,0,2,0,1,1,2,1,1,0,2,1,2,1,2,0,1,1,2,1,1,1,2,1,1,1,1,1,2,2,2,2,1,2,1,1,2,2,1,0,1,1,1,1,1,1,2,2,0,2,2,2,1,2,0,1,0,1,1,1,2,2,1,0,2,1,1,1,2,2,1,2,1,1,0,1,1,0,0,2,1,0,2,2,1,1,0,1,2,1,2,1,0,1,2,1,0,1,0,0,1,1,1,0,1,2,1,1,2,1,2,1,0,1,2,1,1,1,0,1,1,1,1,1,1,2,2,2,2,2,2,1,1,1
22:42138945:A>G,CYP2D6,22,42138945,A,G,0.34262295081967215,1,2,1,1,1,0,0,1,1,1,0,2,0,0,2,0,2,1,1,1,0,1,2,1,1,0,1,0,2,1,2,2,1,2,0,0,1,2,1,2,1,0,0,1,2,2,1,1,1,2,2,1,0,1,1,1,2,2,2,1,1,2,2,1,0,1,2,1,1,2,2,1,0,2,1,2,0,2,1,1,2,1,1,1,1,2,1,0,2,1,1,0,1,2,1,1,2,1,1,0,1,2,1,2,1,1,1,0,1,0,1,0,0,1,0,1,1,2,1,0,0,1,1,0,0,0,0,0,1,0,1,0,1,2,1,0,1,0,0,1,0,0,1,0,1,0,0,0,0,0,1,0,1,1,1,1,0,1,0,1,1,1,1,1,1,0,0,2,1,0,0,1,1,1,0,0,2,1,0,1,0,0,0,0,0,0,1,0,0,0,0,1,1,0,2,2,1,0,0,0,0,0,0,0,0,0,0,1,0,0,0,0,1,0,0,0,0,0,0,0,1,0,1,0,1,0,0,1,0,1,0,0,0,0,0,1,0,0,0,1,0,0,0,0,1,0,0,0,0,1,0,0,0,0,0,0,0,0,1,0,0,0,1,0,0,0,0,0,0,0,0,2,0,1,1,1,0,0,0,0,1,0,1,1,0,0,1,0,1,0,0,0,0,1,1,1,0,0,1,2,2,1,2,2,1,1,1,1,1,2,1,2,1,2,2,2,2,0,1,1,2,1,2,1,2,0,1,1,2,1,0,0,2,1,1,0,1,0,2,0,2,1,2,1,1,0,1,2,2,1,1,0,1,2,1,2,2,0,2,1,2,1,1,0,1,1,1,1,2,0,1,1,0,1,1,2,2,1,1,1,1,2,2,0,1,1,1,1,0,1,1,1,2,1,1,2,2,2,1,1,1,1,0,0,2,0,0,1,2,1,1,1,0,1,2,2,1,0,1,2,1,0,1,1,1,0,1,1,1,1,1,1,0,0,0,1,1,1,0,1,1,0,0,1,2,1,1,0,0,1,0,0,0,1,1,0,0,0,0,1,1,0,0,0,0,0,0,1,1,0,1,0,0,0,2,0,1,0,2,0,1,0,2,1,1,0,1,1,2,0,2,0,0,1,2,0,1,0,1,0,1,1,1,0,1,0,0,1,0,0,1,0,0,1,0,0,0,0,1,1,0,0,0,0,0,1,0,0,0,0,0,0,0,0,1,0,0,0,1,0,0,0,1,1,1,1,0,1,1,1,0,0,0,0,0,0,1,0,1,0,0,0,0,0,1,0,0,1,0,1,0,0,0,0,0,0,0,0,0,0,1,0,0,0,0,1,0,0,0,0,1,0,1,0,0,0,1,0,0,0,1,1,0,0,1,1,0,0,0,0
22:42139625:G>A,CYP2D6,22,42139625,G,A,0.34508196721311474,1,2,1,1,1,0,0,1,1,1,0,2,0,0,2,0,2,1,1,1,0,2,2,1,1,0,1,0,2,1,2,2,1,2,0,0,1,2,1,2,1,0,0,1,2,2,1,1,1,2,2,1,0,1,1,1,2,2,2,1,1,2,2,1,0,1,2,1,1,2,2,1,0,2,1,2,0,2,1,1,2,2,1,1,1,2,1,0,2,1,1,0,1,2,1,1,2,1,1,0,1,2,1,2,1,1,1,0,1,0,1,0,0,1,0,1,1,2,1,0,0,1,1,0,0,0,0,0,1,0,1,0,1,2,1,0,1,0,0,1,0,0,1,0,1,0,0,0,0,0,1,0,1,1,1,1,0,1,0,1,1,1,1,1,1,0,0,2,1,0,0,1,1,1,0,0,2,1,0,1,0,0,0,0,0,0,1,0,0,0,0,1,1,0,2,2,1,0,0,0,0,0,0,0,0,0,0,1,0,0,0,0,1,0,0,0,0,0,0,0,1,0,1,0,1,0,0,1,0,1,0,0,0,0,0,1,0,0,0,1,0,0,0,0,1,0,0,0,0,1,0,0,0,0,0,0,0,0,1,0,0,0,1,0,0,0,0,0,0,0,0,2,0,1,1,1,0,0,0,0,1,0,1,1,0,0,1,0,1,0,0,0,0,1,1,1,0,0,1,2,2,1,2,2,1,1,1,1,1,2,1,2,1,2,2,2,2,0,1,1,2,1,2,1,2,0,1,1,2,1,0,0,2,1,1,0,1,0,2,0,2,1,2,1,1,0,1,2,2,1,1,0,1,2,1,2,2,0,2,1,2,1,1,0,1,1,1,1,2,0,1,1,0,1,1,2,2,1,1,1,1,2,2,0,1,1,1,1,0,1,1,1,2,1,1,2,2,2,1,1,1,1,0,0,2,0,0,1,2,1,1,1,0,1,2,2,1,0,1,2,1,0,1,1,1,0,1,1,1,1,1,1,0,0,0,1,1,1,0,1,1,0,0,1,2,1,1,0,0,1,0,0,0,1,1,0,0,0,0,1,1,0,0,0,0,0,0,1,1,0,1,0,0,1,2,0,1,0,2,0,1,0,2,1,1,0,1,1,2,0,2,0,0,1,2,0,1,0,1,0,1,1,1,0,1,0,0,1,0,0,1,0,0,1,0,0,0,0,1,1,0,0,0,0,0,1,0,0,0,0,0,0,0,0,1,0,0,0,1,0,0,0,1,1,1,1,0,1,1,1,0,0,0,0,0,0,1,0,1,0,0,0,0,0,1,0,0,1,0,1,0,0,0,0,0,0,0,0,0,0,1,0,0,0,0,1,0,0,0,0,1,0,1,0,0,0,1,0,0,0,1,1,0,0,1,1,0,0,0,0
22:42140302:G>A,CYP2D6,22,42140302,G,A,0.34262295081967215,1,2,1,1,1,0,0,1,1,1,0,2,0,0,2,0,2,1,1,1,0,1,2,1,1,0,1,0,2,1,2,2,1,2,0,0,1,2,1,2,1,0,0,1,2,2,1,1,1,2,2,1,0,1,1,1,1,2,2,1,1,2,2,1,0,1,2,1,1,2,2,1,0,2,1,2,0,2,1,1,2,1,1,1,1,2,1,0,2,1,1,0,1,2,1,1,2,1,1,0,1,2,1,2,1,1,1,0,1,0,1,0,0,1,0,1,1,2,1,0,0,1,1,0,0,0,0,0,1,0,1,0,1,2,1,0,1,0,0,1,0,0,1,0,1,0,0,0,0,0,1,0,1,1,1,1,0,1,0,1,1,1,1,1,1,0,0,2,1,0,0,1,1,1,0,0,2,1,0,1,0,0,0,0,0,0,1,0,0,0,0,1,1,0,2,2,1,0,0,0,0,0,0,0,0,0,0,1,0,0,0,0,1,0,0,0,0,0,0,0,1,0,1,0,1,0,0,1,0,1,0,0,0,0,0,1,0,0,0,1,0,0,0,0,1,0,0,0,0,1,0,0,0,0,0,0,0,0,1,0,0,0,1,0,0,0,0,0,0,0,0,2,0,1,1,1,0,0,0,0,1,0,1,1,0,0,1,0,1,0,0,0,0,1,1,1,0,0,1,2,2,1,2,2,1,1,1,1,1,2,1,2,1,2,2,2,2,0,1,1,2,1,2,1,2,0,1,1,2,1,0,0,2,1,1,0,1,0,2,0,2,1,2,1,1,0,1,2,2,1,1,0,1,2,1,2,2,0,2,1,2,1,1,0,1,1,1,1,2,0,1,1,0,1,1,2,2,1,1,1,1,2,2,0,1,1,1,1,0,1,1,1,2,1,1,2,2,2,1,1,1,1,0,0,2,0,0,1,2,1,1,1,0,1,2,2,1,0,1,2,1,0,1,1,1,0,1,1,1,1,1,1,0,0,0,1,1,1,0,1,1,0,0,1,2,1,1,0,0,1,0,0,0,1,1,0,0,0,0,1,1,0,0,0,0,0,0,1,1,0,1,0,0,1,2,0,1,0,2,0,1,0,2,1,1,0,1,1,2,0,2,0,0,1,2,0,1,0,1,0,1,1,1,0,1,0,0,1,0,0,1,0,0,1,0,0,0,0,1,1,0,0,0,0,0,1,0,0,0,0,0,0,0,0,1,0,0,0,1,0,0,0,1,1,1,1,0,1,1,1,0,0,0,0,0,0,1,0,1,0,0,0,0,0,1,0,0,1,0,1,0,0,0,0,0,0,0,0,0,0,1,0,0,0,0,1,0,0,0,0,1,0,1,0,0,0,1,0,0,0,1,1,0,0,1,1,0,0,0,0
